CSI_DATA: gC, idS, sC, sC_M, bc1, bc2, bcM1, retry, RSSI1, RSSI2, tCSI1_S, tCSI2_S, tdma_S, t_M(ms), dt_rxM, tin_cycle, [data]
CSI_DATA: 1,3,1,1,0,0,0,0,-38,-33,4294816.223,4294811.538,0.117,20.00,20.00,20.00,"[-17,-3,-17,-3,-16,-1,-17,-3,-16,-2,-16,-3,-15,-3,-14,-2,-14,-3,-13,-1,-14,-2,-13,-1,-12,0,-12,0,-11,0,-11,1,-10,1,-9,2,-9,3,-9,3,-9,3,-8,4,-8,4,-8,6,-8,6,-8,7,0,0,-7,8,-8,8,-8,9,-7,9,-7,10,-8,10,-8,11,-8,11,-7,11,-7,12,-7,14,-7,12,-8,13,-9,14,-9,14,-9,15,-9,15,-10,15,-11,14,-11,14,-13,13,-13,12,-13,12,-13,13,-14,11,-14,11,0,0,-12,-17,-12,-16,-13,-15,-13,-17,-12,-16,-11,-15,-11,-15,-10,-14,-10,-13,-11,-12,-11,-13,-11,-11,-11,-11,-11,-9,-11,-9,-12,-8,-11,-7,-12,-7,-12,-5,-12,-6,-12,-6,-12,-5,-12,-5,-12,-3,-13,-4,-13,-3,0,0,-13,-3,-13,-3,-13,-2,-13,-2,-13,-2,-13,-2,-13,-3,-13,-2,-13,-2,-13,-2,-15,-2,-14,-3,-14,-3,-14,-3,-14,-4,-15,-4,-15,-4,-14,-5,-14,-6,-13,-6,-14,-8,-13,-8,-13,-10,-13,-10,-11,-11,-10,-12,0,0]"
CSI_DATA: 2,4,1,1,0,0,0,0,-35,-33,4294818.869,4294814.195,292.273,304.541,304.541,304.541,"[2,-15,1,-15,1,-14,2,-15,1,-14,1,-14,1,-13,1,-12,1,-12,0,-11,1,-12,0,-12,0,-11,-1,-11,0,-10,-1,-11,-1,-10,-1,-9,-2,-9,-1,-9,-1,-9,-2,-9,-1,-8,-3,-8,-3,-8,-3,-8,0,0,-4,-8,-4,-8,-5,-7,-5,-7,-6,-7,-6,-8,-7,-7,-7,-7,-7,-8,-7,-8,-8,-9,-8,-9,-8,-9,-9,-10,-8,-10,-9,-11,-9,-11,-8,-11,-8,-12,-7,-12,-7,-12,-7,-12,-7,-13,-7,-13,-6,-13,-6,-14,0,0,3,5,4,4,5,3,5,3,5,3,5,2,6,2,6,2,7,2,7,1,8,1,8,0,8,0,8,0,8,0,9,-2,8,-2,8,-2,8,-3,8,-3,9,-3,9,-4,9,-4,8,-6,9,-6,10,-7,0,0,9,-8,10,-9,9,-10,9,-11,9,-10,9,-12,9,-12,9,-13,9,-14,10,-15,10,-17,10,-15,10,-17,10,-18,11,-19,11,-20,11,-22,12,-21,13,-22,14,-21,15,-22,15,-21,18,-22,18,-22,20,-21,21,-20,0,0]"
CSI_DATA: 3,6,1,1,0,0,0,0,-38,-32,58306.269,4294819.373,292.523,356.764,356.764,356.764,"[9,0,9,-1,9,-2,10,-2,9,-3,9,-3,9,-3,8,-4,8,-4,8,-5,9,-5,8,-6,8,-6,8,-6,8,-6,8,-7,6,-6,6,-6,5,-6,5,-6,5,-6,4,-6,4,-6,2,-6,1,-6,1,-6,0,0,-1,-6,-2,-6,-3,-6,-4,-6,-5,-6,-6,-6,-7,-6,-7,-6,-9,-6,-10,-6,-11,-6,-12,-7,-13,-8,-14,-8,-14,-9,-15,-9,-16,-10,-16,-11,-17,-12,-16,-13,-17,-14,-16,-15,-17,-16,-17,-17,-16,-18,-15,-19,0,0,1,-12,0,-11,-1,-11,0,-12,-1,-10,-1,-9,-2,-9,-2,-9,-2,-8,-2,-8,-3,-8,-3,-7,-4,-7,-4,-7,-4,-6,-5,-5,-5,-5,-5,-4,-5,-4,-6,-4,-6,-3,-6,-2,-6,-2,-7,-1,-7,-1,-8,0,0,0,-8,2,-9,1,-9,3,-9,3,-9,3,-10,3,-10,4,-11,5,-11,5,-12,5,-13,6,-13,5,-14,5,-15,5,-15,6,-15,6,-16,6,-16,5,-17,5,-16,4,-18,3,-17,2,-17,2,-18,2,-18,-1,-17,0,0,0]"
CSI_DATA: 4,5,1,1,0,0,0,0,-31,-31,58304.743,4294817.890,292.843,420.283,420.283,420.283,"[-16,-16,-17,-16,-17,-15,-18,-17,-17,-16,-16,-17,-16,-16,-15,-15,-15,-16,-14,-15,-15,-17,-15,-16,-15,-16,-14,-15,-13,-16,-15,-15,-14,-14,-13,-14,-14,-13,-13,-14,-13,-14,-14,-13,-12,-13,-14,-12,-14,-13,-14,-12,0,0,-14,-11,-14,-11,-15,-11,-14,-11,-14,-12,-14,-11,-14,-12,-13,-11,-13,-11,-12,-11,-13,-11,-11,-11,-11,-11,-11,-11,-11,-10,-11,-10,-10,-10,-10,-10,-9,-9,-8,-9,-8,-9,-7,-8,-7,-8,-8,-7,-7,-6,-7,-6,0,0,-6,12,-5,12,-4,13,-5,13,-5,13,-5,13,-4,14,-4,13,-4,14,-4,14,-5,15,-4,16,-4,16,-4,16,-5,15,-3,18,-3,16,-4,16,-3,16,-4,17,-5,17,-4,17,-6,17,-4,17,-5,19,-4,18,0,0,-4,18,-5,19,-5,18,-5,18,-6,17,-6,18,-6,17,-6,17,-6,17,-6,17,-6,17,-6,15,-7,15,-6,15,-6,15,-5,15,-5,15,-5,14,-5,14,-5,13,-5,14,-4,13,-5,13,-4,14,-6,14,-6,13,0,0]"
CSI_DATA: 5,3,2,2,1,1,1,0,-38,-34,586.190,591.488,15.297,762.308,762.308,16.857,"[-14,1,-14,1,-13,3,-14,2,-13,2,-12,2,-12,2,-12,2,-11,2,-10,3,-11,3,-11,4,-10,4,-9,4,-9,4,-9,5,-8,4,-7,4,-7,5,-7,5,-7,5,-6,6,-6,6,-5,7,-6,7,-4,8,0,0,-4,8,-4,8,-4,9,-3,9,-3,9,-3,10,-3,10,-2,11,-2,11,-2,11,-1,13,-2,13,-2,13,-2,14,-2,15,-2,15,-3,16,-3,16,-5,16,-5,16,-7,16,-7,15,-8,15,-8,15,-9,14,-9,13,0,0,15,10,15,10,16,9,16,11,15,9,14,10,14,9,13,8,13,8,12,6,13,7,13,6,13,5,12,5,12,5,13,4,12,2,11,2,12,1,12,2,12,2,12,1,11,1,12,-1,12,0,12,-1,0,0,12,-1,12,-1,12,-1,11,-2,11,-1,11,-1,11,-1,11,-1,11,-1,11,-1,12,-2,11,-1,12,-1,12,-1,12,0,13,0,13,0,13,1,13,2,12,3,13,4,12,5,12,5,12,6,11,8,11,8,0,0]"
CSI_DATA: 6,4,2,2,1,1,1,0,-34,-33,588.849,594.147,307.525,1054.431,1054.431,308.980,"[-5,14,-5,14,-4,13,-6,14,-5,13,-6,13,-5,12,-5,11,-5,11,-4,10,-5,12,-4,11,-4,10,-4,10,-4,10,-3,11,-3,10,-3,9,-2,10,-3,9,-3,9,-2,9,-3,9,-2,9,-2,10,-2,9,0,0,-1,9,-1,8,-1,9,0,8,0,8,0,9,1,8,1,8,1,9,1,9,2,10,1,9,1,10,2,10,2,11,2,11,2,11,2,12,1,12,1,12,1,12,1,12,0,13,0,14,-2,14,-2,14,0,0,-1,-7,-1,-7,-2,-6,-3,-8,-3,-7,-4,-7,-4,-7,-5,-7,-5,-7,-6,-6,-7,-7,-8,-7,-8,-7,-7,-6,-8,-7,-9,-6,-9,-6,-9,-6,-10,-5,-10,-6,-11,-6,-11,-5,-11,-5,-13,-4,-14,-5,-14,-4,0,0,-15,-3,-15,-4,-16,-3,-16,-2,-16,-3,-17,-3,-17,-3,-17,-3,-17,-2,-18,-1,-20,0,-19,-1,-19,0,-21,0,-21,0,-23,1,-23,1,-25,0,-25,-1,-25,-2,-27,-2,-26,-3,-27,-3,-29,-3,-28,-6,-29,-7,0,0]"
CSI_DATA: 7,6,2,2,1,1,1,0,-42,-31,586.659,591.956,307.802,1105.830,1105.830,360.379,"[-4,1,-5,1,-4,1,-6,2,-5,2,-5,3,-5,3,-5,3,-5,3,-4,3,-4,3,-4,3,-5,2,-4,2,-4,2,-4,0,-3,0,-4,-1,-4,-2,-4,-2,-4,-3,-4,-3,-5,-4,-6,-4,-6,-5,-7,-5,0,0,-7,-5,-8,-6,-9,-6,-11,-5,-10,-6,-11,-6,-12,-7,-12,-6,-14,-7,-14,-7,-17,-6,-15,-7,-16,-6,-17,-7,-18,-7,-19,-7,-20,-8,-20,-8,-21,-9,-20,-9,-22,-10,-22,-11,-23,-11,-24,-11,-25,-12,-25,-11,0,0,-10,-10,-10,-9,-10,-8,-10,-9,-10,-8,-10,-7,-10,-6,-9,-5,-9,-5,-9,-4,-10,-4,-9,-3,-9,-3,-9,-2,-9,-2,-9,-1,-8,0,-7,1,-7,1,-8,1,-7,2,-7,3,-6,3,-6,4,-6,5,-5,6,0,0,-5,7,-5,8,-4,9,-4,9,-4,10,-4,11,-4,11,-3,12,-4,13,-3,14,-3,16,-4,15,-4,16,-4,17,-5,17,-5,19,-6,18,-6,19,-8,19,-8,18,-9,18,-10,17,-11,17,-11,18,-12,17,-13,17,0,0]"
CSI_DATA: 8,5,2,2,1,1,1,0,-31,-31,585.255,590.553,308.56,1170.173,1170.173,424.722,"[-18,19,-17,19,-16,20,-19,19,-18,19,-18,17,-18,17,-17,16,-18,16,-17,16,-19,16,-18,16,-18,15,-17,14,-17,12,-17,15,-15,13,-15,13,-14,13,-15,12,-15,11,-14,12,-14,10,-12,12,-14,12,-13,12,0,0,-11,11,-12,11,-11,11,-10,11,-10,10,-10,10,-10,9,-9,9,-9,9,-8,9,-8,9,-8,8,-7,8,-7,8,-6,8,-6,8,-6,7,-5,7,-4,7,-4,6,-4,6,-3,6,-3,6,-2,6,-2,6,-2,6,0,0,-14,4,-14,5,-13,6,-16,6,-15,7,-15,7,-15,7,-15,7,-15,7,-14,8,-17,9,-16,9,-16,9,-16,9,-17,9,-16,10,-16,10,-16,9,-16,11,-17,10,-18,9,-17,11,-17,9,-17,12,-19,12,-18,12,0,0,-18,12,-19,11,-19,12,-18,11,-19,10,-20,10,-19,10,-19,9,-19,10,-18,9,-19,11,-18,9,-18,9,-18,9,-18,9,-18,9,-18,9,-18,9,-18,8,-17,8,-18,8,-17,7,-17,7,-17,8,-18,7,-18,7,0,0]"
CSI_DATA: 9,3,3,3,2,2,2,0,-39,-34,1326.204,1332.93,14.614,1502.902,1502.902,17.449,"[-7,-12,-7,-12,-8,-11,-7,-13,-7,-11,-6,-11,-6,-11,-6,-10,-6,-9,-5,-8,-6,-9,-6,-8,-6,-7,-6,-7,-5,-7,-5,-5,-5,-4,-5,-4,-6,-3,-7,-3,-6,-2,-7,-1,-7,-1,-7,0,-8,0,-8,1,0,0,-9,2,-10,2,-10,2,-10,3,-11,3,-11,3,-11,3,-11,3,-12,4,-12,4,-12,5,-13,4,-13,4,-14,4,-14,4,-15,4,-15,4,-15,4,-15,3,-15,2,-16,2,-16,1,-16,1,-16,1,-16,0,-15,-1,0,0,5,16,6,15,7,14,6,16,6,14,6,14,6,14,5,13,5,13,6,11,6,13,7,12,7,11,6,10,6,10,7,10,7,8,7,8,7,7,7,8,7,8,7,7,7,7,8,6,8,7,8,6,0,0,9,5,8,5,8,5,9,4,8,5,8,5,8,5,8,4,9,4,9,4,9,4,8,4,9,5,9,5,9,5,9,6,9,6,9,7,8,7,8,8,7,8,6,9,6,10,6,10,4,11,3,11,0,0]"
CSI_DATA: 10,4,3,3,2,2,2,0,-35,-32,1328.865,1334.754,306.217,1794.525,1794.525,309.72,"[4,-16,3,-16,2,-15,4,-16,4,-14,4,-14,3,-13,3,-12,3,-12,2,-11,3,-12,2,-12,2,-11,1,-11,2,-11,1,-11,0,-10,1,-10,0,-10,0,-10,0,-10,0,-10,0,-9,-1,-10,-1,-10,-1,-10,0,0,-2,-9,-2,-9,-2,-9,-3,-9,-3,-9,-3,-9,-3,-9,-3,-10,-4,-10,-4,-10,-4,-11,-4,-11,-4,-11,-4,-12,-3,-12,-4,-13,-4,-13,-3,-13,-3,-13,-2,-13,-2,-14,-2,-13,-1,-14,-2,-14,0,-15,0,-15,0,0,2,-7,1,-7,0,-7,-1,-8,-1,-8,-1,-8,-2,-8,-2,-9,-2,-9,-3,-9,-4,-10,-4,-9,-5,-10,-5,-9,-5,-10,-6,-10,-7,-9,-7,-9,-7,-9,-8,-9,-8,-10,-9,-9,-9,-9,-11,-8,-12,-10,-13,-9,0,0,-13,-8,-15,-9,-15,-9,-16,-8,-16,-9,-17,-9,-17,-9,-18,-9,-19,-8,-19,-8,-21,-8,-20,-9,-21,-9,-22,-8,-23,-9,-25,-9,-25,-9,-25,-10,-26,-11,-26,-11,-27,-13,-26,-13,-26,-15,-27,-15,-25,-17,-25,-18,0,0]"
CSI_DATA: 11,6,3,3,2,2,2,0,-39,-30,1326.675,1332.564,306.510,1852.263,1852.263,366.810,"[-17,1,-18,3,-16,4,-17,6,-15,6,-15,7,-14,9,-13,10,-13,11,-11,12,-12,14,-12,15,-11,17,-10,17,-11,18,-9,19,-9,19,-9,19,-8,20,-8,19,-8,19,-7,19,-9,17,-6,19,-7,18,-6,18,0,0,-6,15,-5,14,-5,14,-4,11,-3,10,-3,8,-2,7,-2,4,-1,3,0,-1,0,-2,2,-4,4,-7,5,-9,6,-11,9,-15,11,-17,12,-19,15,-21,16,-22,20,-23,23,-24,25,-24,28,-26,31,-24,33,-24,0,0,10,-9,9,-9,7,-9,8,-9,7,-8,7,-8,6,-8,5,-9,5,-8,4,-9,4,-9,3,-9,2,-9,2,-9,2,-8,1,-9,1,-8,0,-7,-1,-8,-1,-8,-2,-9,-2,-8,-2,-8,-4,-8,-4,-9,-4,-9,0,0,-5,-8,-6,-9,-7,-8,-7,-8,-8,-9,-8,-9,-9,-9,-9,-9,-10,-9,-10,-9,-12,-10,-11,-11,-12,-11,-13,-12,-12,-12,-13,-13,-13,-12,-13,-14,-12,-14,-12,-15,-12,-16,-11,-17,-10,-17,-10,-17,-8,-18,-8,-19,0,0]"
CSI_DATA: 12,3,4,4,3,3,3,0,-38,-33,2066.178,2071.495,15.384,2242.252,2242.252,16.799,"[3,-14,2,-14,1,-15,3,-16,2,-14,2,-14,2,-14,2,-13,2,-13,2,-12,2,-13,1,-13,1,-12,1,-12,2,-11,0,-12,0,-10,0,-10,-1,-9,-1,-9,-1,-9,-2,-8,-2,-8,-3,-8,-3,-9,-4,-8,0,0,-5,-7,-6,-8,-6,-7,-6,-7,-7,-7,-8,-7,-7,-7,-7,-6,-8,-7,-9,-6,-10,-6,-10,-6,-11,-7,-12,-7,-12,-8,-13,-8,-13,-9,-13,-9,-12,-10,-11,-11,-11,-12,-11,-12,-10,-12,-11,-12,-9,-13,-8,-13,0,0,-1,-21,-2,-21,-4,-20,-2,-22,-2,-20,-2,-21,-2,-20,-2,-19,-2,-18,-3,-17,-2,-19,-3,-17,-3,-17,-3,-16,-3,-15,-4,-16,-4,-14,-4,-13,-5,-13,-5,-13,-4,-13,-5,-12,-5,-12,-6,-12,-6,-13,-6,-12,0,0,-7,-11,-6,-11,-7,-11,-7,-10,-7,-10,-7,-10,-7,-10,-7,-9,-7,-9,-7,-9,-8,-10,-7,-10,-7,-10,-7,-10,-7,-11,-8,-12,-7,-12,-7,-12,-6,-12,-5,-12,-4,-13,-3,-13,-2,-14,-2,-14,0,-14,1,-14,0,0]"
CSI_DATA: 13,6,4,4,3,3,3,0,-43,-30,2066.651,2071.968,307.821,2534.707,2534.707,309.254,"[-3,8,-1,8,0,6,1,6,1,5,2,5,2,2,3,1,3,1,3,-1,3,-1,3,-3,3,-3,4,-4,4,-5,3,-5,3,-6,2,-5,2,-6,3,-6,3,-6,3,-7,2,-6,2,-6,3,-7,3,-6,0,0,3,-6,3,-6,4,-7,5,-6,7,-7,7,-7,8,-6,9,-7,10,-7,11,-7,14,-8,14,-8,15,-9,17,-9,18,-9,20,-10,20,-10,21,-11,23,-11,23,-11,25,-11,25,-11,25,-12,26,-14,28,-13,28,-13,0,0,-8,15,-7,15,-4,14,-6,15,-5,14,-6,13,-5,13,-4,12,-4,12,-3,12,-3,12,-2,12,-1,11,-1,11,-1,11,0,11,1,9,1,9,2,9,2,9,2,9,3,8,3,8,5,7,5,8,6,7,0,0,7,7,7,6,9,6,9,6,10,6,10,6,11,6,12,6,12,6,13,6,15,6,14,7,15,7,16,7,16,8,17,9,17,9,17,10,16,11,16,12,16,14,15,13,15,14,15,14,13,16,12,17,0,0]"
CSI_DATA: 14,5,3,3,2,2,3,0,-31,-31,2065.245,2070.561,308.164,2581.73,2581.73,355.620,"[-2,24,-1,24,1,23,-2,26,-2,24,-3,24,-3,23,-3,22,-3,23,-2,21,-3,24,-2,23,-3,23,-3,22,-4,21,-2,22,-2,20,-3,20,-2,20,-4,20,-4,19,-3,19,-4,17,-1,18,-3,19,-2,18,0,0,-2,16,-2,17,-2,17,-1,15,-2,16,-2,15,-2,15,-2,14,-2,14,-2,13,-1,14,-2,12,-2,12,-1,11,-1,11,-1,11,-2,10,-2,10,-2,9,-2,8,-2,8,-2,7,-2,7,-1,6,-2,6,-1,5,0,0,-5,-16,-5,-15,-6,-15,-6,-16,-6,-16,-6,-16,-7,-16,-7,-15,-7,-16,-8,-15,-8,-17,-9,-17,-9,-17,-9,-17,-8,-17,-10,-18,-10,-17,-9,-17,-10,-17,-10,-18,-10,-19,-10,-18,-9,-19,-11,-18,-10,-20,-12,-20,0,0,-11,-20,-10,-20,-11,-21,-10,-20,-9,-20,-9,-21,-8,-20,-8,-20,-8,-20,-7,-19,-8,-20,-6,-19,-6,-18,-7,-18,-6,-18,-7,-18,-7,-17,-6,-17,-6,-16,-6,-16,-6,-16,-5,-15,-5,-15,-6,-15,-5,-15,-6,-15,0,0]"
CSI_DATA: 15,3,5,5,4,4,4,0,-38,-34,2806.172,2811.418,15.350,2982.254,2982.254,16.800,"[9,-6,9,-7,7,-7,9,-8,7,-7,8,-7,7,-7,6,-7,6,-7,5,-6,5,-7,5,-8,4,-7,4,-7,4,-7,3,-7,2,-7,1,-6,1,-7,0,-7,0,-7,-1,-7,0,-7,-2,-7,-2,-8,-3,-8,0,0,-4,-8,-4,-7,-5,-8,-5,-7,-6,-8,-6,-8,-7,-8,-7,-8,-8,-8,-8,-8,-10,-8,-9,-9,-10,-9,-11,-10,-11,-10,-12,-12,-12,-11,-12,-13,-11,-13,-10,-14,-10,-15,-9,-14,-9,-15,-10,-15,-8,-16,-7,-16,0,0,13,-9,13,-9,12,-10,13,-10,12,-9,12,-9,11,-9,10,-8,10,-8,9,-8,9,-9,8,-10,8,-9,7,-10,7,-9,6,-10,5,-10,5,-9,5,-10,5,-10,5,-10,4,-10,4,-9,3,-10,4,-11,3,-11,0,0,2,-10,3,-11,2,-11,2,-10,2,-11,2,-11,2,-11,2,-10,2,-11,2,-11,2,-12,2,-11,2,-11,3,-12,3,-11,4,-11,4,-12,5,-11,5,-11,6,-10,7,-9,7,-9,7,-9,8,-9,9,-7,9,-6,0,0]"
CSI_DATA: 16,6,5,5,4,4,4,0,-36,-32,2806.647,2811.893,307.902,3274.798,3274.798,309.344,"[-2,9,-2,9,-1,10,-1,12,-1,11,0,12,0,12,0,12,0,13,1,13,1,15,1,15,1,16,1,16,0,16,1,16,1,15,1,15,1,16,0,15,0,15,1,15,0,14,2,13,1,14,2,13,0,0,2,11,2,10,3,9,3,7,4,7,5,6,6,5,6,4,7,3,8,1,10,0,10,0,12,-1,14,-1,14,-2,17,-3,18,-3,19,-3,21,-2,21,-1,24,0,24,1,26,2,27,1,27,4,28,5,0,0,12,7,12,7,12,5,13,6,12,5,11,5,11,4,11,4,10,4,10,3,11,3,10,2,10,2,9,1,9,2,10,0,8,-1,8,-1,8,-1,8,-1,8,-2,7,-2,7,-3,6,-4,7,-4,6,-6,0,0,5,-7,6,-7,5,-8,5,-8,5,-9,5,-9,5,-10,5,-10,5,-11,6,-12,6,-13,6,-13,6,-13,7,-13,8,-14,8,-15,9,-14,10,-14,10,-14,11,-13,12,-12,12,-12,13,-11,13,-11,14,-9,14,-8,0,0]"
CSI_DATA: 17,5,4,4,3,3,4,0,-31,-33,2805.239,2810.485,308.155,3320.817,3320.817,355.363,"[14,18,14,18,15,16,15,19,13,17,13,18,13,17,12,16,11,17,12,15,13,17,13,16,12,16,12,15,11,16,12,15,11,14,10,13,11,14,11,13,10,14,11,13,9,12,11,11,11,13,12,12,0,0,11,10,10,11,12,11,11,9,11,10,11,10,10,10,10,10,10,10,9,9,10,9,9,9,9,8,9,9,7,8,8,8,8,8,7,8,6,7,6,7,5,7,5,6,4,6,5,5,4,5,4,4,0,0,-13,-8,-14,-7,-14,-6,-16,-7,-15,-7,-16,-7,-16,-6,-16,-6,-16,-6,-17,-5,-19,-6,-19,-6,-19,-6,-19,-6,-19,-8,-21,-7,-20,-7,-19,-8,-21,-7,-21,-9,-20,-9,-20,-9,-19,-10,-21,-8,-22,-10,-22,-10,0,0,-20,-11,-21,-12,-21,-11,-19,-11,-19,-12,-19,-13,-18,-13,-16,-12,-16,-12,-14,-12,-16,-11,-14,-11,-13,-10,-13,-9,-13,-9,-13,-8,-13,-7,-13,-6,-14,-7,-13,-6,-14,-6,-14,-6,-15,-6,-16,-5,-16,-7,-16,-7,0,0]"
CSI_DATA: 18,6,6,6,5,5,5,0,-38,-35,3546.650,3551.951,307.932,4014.910,4014.910,309.457,"[-1,13,0,14,2,14,2,16,2,14,3,16,4,15,5,15,5,16,6,15,7,18,7,17,8,18,8,18,7,19,9,18,8,17,7,17,9,17,8,17,6,18,7,17,6,16,8,15,6,16,7,15,0,0,6,12,5,11,5,11,5,9,4,8,4,7,4,6,3,4,3,3,3,1,3,-2,2,-3,2,-4,3,-7,2,-9,3,-11,4,-13,4,-15,6,-16,8,-17,9,-18,10,-19,12,-20,13,-22,16,-22,18,-22,0,0,-9,-21,-9,-20,-11,-20,-9,-21,-9,-20,-8,-19,-8,-18,-7,-18,-7,-17,-8,-16,-8,-18,-8,-16,-8,-16,-8,-15,-6,-15,-8,-15,-7,-13,-7,-12,-7,-11,-7,-12,-6,-11,-6,-10,-5,-9,-6,-8,-6,-8,-6,-7,0,0,-5,-5,-6,-4,-6,-3,-5,-2,-5,-1,-5,-1,-6,0,-5,1,-6,2,-6,3,-6,5,-6,4,-7,5,-7,6,-8,8,-9,8,-9,9,-10,9,-11,9,-12,9,-13,9,-13,9,-14,9,-15,9,-17,8,-17,7,0,0]"
CSI_DATA: 19,5,5,5,4,4,5,0,-33,-31,3545.241,3550.542,308.184,4064.933,4064.933,359.480,"[4,22,5,23,6,21,5,24,4,22,4,22,3,21,3,21,2,21,3,19,2,21,3,21,2,20,2,19,1,20,3,19,3,18,2,16,3,17,2,17,1,17,2,16,1,15,3,15,2,16,3,16,0,0,3,14,3,14,3,14,3,13,3,13,3,13,3,13,3,12,3,12,2,11,3,11,2,10,2,10,2,10,2,9,3,9,3,8,2,8,2,8,2,7,2,7,2,7,3,6,3,6,3,6,3,6,0,0,15,-5,14,-6,14,-7,16,-7,15,-6,14,-7,15,-7,14,-6,15,-7,14,-8,16,-8,16,-8,16,-8,16,-8,16,-7,17,-10,15,-9,16,-8,16,-9,17,-8,18,-7,17,-8,18,-6,17,-9,19,-8,19,-8,0,0,18,-8,18,-7,18,-7,18,-7,18,-6,18,-5,17,-5,17,-4,16,-5,16,-5,16,-5,15,-4,14,-5,14,-5,13,-6,13,-6,14,-6,14,-6,13,-6,14,-7,15,-7,14,-7,15,-7,16,-7,17,-6,17,-6,0,0]"
CSI_DATA: 20,3,6,6,5,5,6,0,-38,-33,4289.252,4291.462,15.411,4462.309,4462.309,16.855,"[-12,11,-11,12,-10,12,-12,12,-11,11,-10,11,-10,10,-9,9,-9,9,-7,9,-8,10,-7,9,-6,8,-6,8,-5,7,-4,8,-3,7,-3,7,-2,7,-2,7,-1,6,0,6,0,6,2,6,2,6,3,6,0,0,4,5,4,5,5,5,6,5,6,5,7,4,7,4,8,4,8,4,9,3,11,3,11,3,12,3,13,3,13,4,15,4,15,4,16,5,16,7,15,7,15,8,15,9,15,9,15,9,14,11,13,11,0,0,-3,15,-3,15,-1,15,-2,16,-2,15,-2,15,-2,14,-2,14,-2,13,-1,12,0,14,1,13,1,12,2,12,1,12,3,12,3,11,3,10,4,11,3,11,3,12,4,11,4,11,6,10,5,11,6,11,0,0,6,10,6,10,6,10,6,10,6,10,6,11,6,10,5,10,6,10,6,10,7,11,6,11,5,11,5,12,5,11,5,12,4,12,3,13,2,13,1,12,0,13,0,12,-1,13,-1,13,-3,12,-4,12,0,0]"
CSI_DATA: 21,6,7,7,6,6,6,0,-40,-36,4289.731,4291.941,307.922,4754.769,4754.769,309.315,"[-13,-3,-13,-1,-12,2,-13,2,-12,4,-13,6,-12,8,-10,9,-11,11,-8,12,-9,15,-6,17,-6,19,-5,20,-6,20,-3,22,-2,22,-2,22,0,24,-1,24,0,24,2,24,1,23,6,23,5,24,6,25,0,0,6,23,6,21,6,22,6,18,6,20,6,20,4,18,4,17,4,17,3,16,1,16,-1,15,-3,14,-6,14,-9,12,-10,13,-12,11,-15,12,-18,10,-20,9,-22,9,-25,8,-28,8,-29,9,-32,6,-34,6,0,0,3,-18,2,-18,0,-17,1,-18,1,-16,1,-15,0,-14,0,-13,0,-13,-2,-12,-2,-12,-2,-11,-3,-11,-3,-9,-3,-9,-3,-8,-4,-7,-3,-6,-4,-5,-3,-4,-4,-4,-4,-3,-3,-2,-3,-1,-4,-1,-3,1,0,0,-3,3,-3,3,-3,5,-2,5,-2,7,-3,8,-3,9,-2,9,-2,10,-2,11,-2,13,-3,13,-3,13,-3,15,-4,15,-4,17,-4,17,-5,17,-6,17,-7,17,-8,17,-8,17,-9,17,-8,17,-11,16,-11,16,0,0]"
CSI_DATA: 22,5,6,6,5,5,6,0,-32,-29,4288.321,4290.530,308.163,4806.200,4806.200,360.746,"[-14,-18,-15,-18,-15,-17,-15,-20,-14,-19,-13,-19,-13,-19,-12,-18,-12,-18,-12,-17,-13,-19,-13,-18,-13,-18,-12,-17,-11,-17,-12,-17,-11,-16,-10,-15,-11,-15,-10,-16,-10,-16,-10,-15,-9,-15,-11,-14,-11,-15,-11,-14,0,0,-11,-13,-10,-14,-11,-14,-10,-13,-10,-13,-10,-13,-9,-13,-9,-12,-8,-12,-8,-12,-9,-12,-7,-12,-8,-11,-7,-11,-7,-10,-7,-10,-7,-10,-7,-9,-6,-9,-6,-8,-6,-8,-5,-8,-5,-8,-6,-8,-5,-7,-5,-6,0,0,15,-4,15,-4,15,-6,17,-6,16,-6,16,-6,16,-6,17,-6,17,-6,16,-7,19,-8,18,-8,19,-9,19,-9,19,-7,19,-10,18,-9,19,-8,19,-9,20,-8,21,-7,20,-8,20,-6,19,-10,22,-9,22,-9,0,0,21,-8,21,-8,21,-9,20,-8,20,-7,21,-7,20,-6,19,-6,19,-6,18,-6,19,-7,17,-6,17,-6,17,-6,16,-6,16,-7,16,-7,15,-7,15,-6,15,-6,15,-6,15,-6,15,-6,15,-8,15,-6,16,-7,0,0]"
CSI_DATA: 23,7,2,2,0,2,6,0,-36,-36,53129.355,4288.477,311.814,4876.414,4876.414,430.960,"[16,4,16,3,16,1,18,3,16,2,17,2,16,2,15,1,16,2,15,0,17,1,16,0,16,0,15,0,15,1,15,-1,14,-1,13,0,13,-1,13,0,13,0,12,-1,11,0,12,-3,13,-2,13,-3,0,0,12,-3,12,-3,13,-4,11,-3,12,-3,13,-3,13,-3,13,-3,13,-3,13,-3,15,-4,14,-3,14,-3,16,-3,15,-2,17,-3,16,-3,17,-2,17,-2,17,0,18,0,18,0,18,0,19,0,18,2,19,2,0,0,-13,8,-12,9,-12,10,-14,10,-13,10,-14,10,-14,9,-13,9,-14,9,-13,9,-15,10,-14,10,-14,10,-14,10,-15,8,-14,9,-13,9,-13,8,-13,8,-14,7,-14,7,-14,7,-13,6,-12,8,-13,7,-13,7,0,0,-12,7,-12,6,-12,7,-10,7,-11,6,-11,6,-11,5,-10,5,-10,5,-9,4,-9,5,-8,4,-8,3,-8,3,-7,3,-6,3,-6,3,-5,2,-4,2,-4,2,-3,2,-2,2,-1,2,0,2,1,3,1,3,0,0]"
CSI_DATA: 24,3,7,7,6,6,7,0,-37,-32,5026.146,5031.452,15.446,5202.225,5202.225,16.771,"[-10,-14,-10,-13,-11,-12,-11,-15,-10,-13,-10,-13,-10,-13,-10,-12,-10,-12,-9,-12,-10,-13,-10,-12,-10,-12,-9,-11,-9,-11,-10,-10,-9,-9,-9,-9,-9,-8,-9,-8,-9,-8,-9,-7,-8,-7,-9,-6,-9,-7,-9,-6,0,0,-9,-4,-9,-4,-9,-3,-8,-2,-8,-2,-9,-2,-9,-1,-8,0,-9,1,-9,2,-9,3,-10,2,-11,3,-12,4,-12,4,-13,5,-14,5,-15,5,-15,4,-15,3,-17,3,-17,2,-17,1,-17,1,-17,-1,-16,-1,0,0,-10,-16,-10,-15,-12,-14,-11,-16,-11,-15,-10,-14,-11,-14,-10,-13,-10,-13,-11,-12,-12,-12,-12,-11,-12,-11,-12,-10,-11,-10,-13,-9,-12,-8,-12,-8,-13,-7,-13,-8,-12,-8,-13,-7,-13,-8,-14,-5,-14,-7,-14,-6,0,0,-14,-5,-14,-6,-14,-5,-14,-5,-13,-5,-14,-5,-14,-5,-13,-5,-14,-5,-14,-5,-15,-5,-14,-6,-14,-6,-14,-7,-14,-7,-14,-7,-14,-8,-13,-9,-12,-10,-11,-10,-11,-11,-9,-11,-9,-13,-9,-12,-7,-13,-6,-13,0,0]"
CSI_DATA: 25,6,8,8,7,7,7,0,-43,-32,5026.627,5031.933,307.953,5494.831,5494.831,309.377,"[3,8,4,8,6,7,7,7,7,7,9,7,10,6,11,5,11,5,12,4,14,4,15,3,16,3,16,3,16,3,17,1,16,0,15,1,16,0,16,0,16,0,15,0,14,0,13,-1,14,-1,12,-1,0,0,10,-1,9,-1,8,-1,6,-1,5,0,4,1,3,2,2,2,0,3,-1,5,-2,6,-3,7,-5,8,-6,11,-8,12,-9,15,-10,16,-12,18,-14,19,-15,20,-17,22,-18,22,-20,24,-20,26,-24,25,-24,26,0,0,11,9,11,8,11,6,11,7,11,6,10,5,9,5,9,4,9,4,9,3,9,2,9,1,8,1,8,0,8,0,8,-2,6,-2,6,-3,6,-3,6,-4,6,-4,6,-5,6,-6,4,-7,5,-8,4,-9,0,0,4,-10,4,-11,4,-12,3,-13,4,-13,4,-14,5,-14,4,-15,4,-16,4,-17,4,-18,5,-17,5,-17,6,-18,6,-18,7,-20,7,-19,7,-19,9,-19,10,-18,11,-18,11,-17,12,-17,11,-17,12,-15,13,-14,0,0]"
CSI_DATA: 26,3,8,8,7,7,8,0,-37,-32,5766.156,5771.440,15.408,5942.330,5942.330,16.876,"[-12,10,-12,10,-10,11,-12,11,-11,10,-11,10,-11,9,-10,9,-10,9,-9,9,-10,9,-9,9,-9,9,-8,9,-9,8,-8,8,-6,8,-6,8,-5,8,-6,8,-5,7,-4,8,-4,6,-3,7,-3,8,-3,8,0,0,-1,7,-1,7,0,7,0,7,1,7,2,7,2,7,3,7,4,7,4,7,6,8,6,8,7,9,7,10,7,10,8,11,9,12,8,13,7,13,7,14,6,15,5,15,5,15,6,16,4,16,3,16,0,0,-6,-17,-6,-17,-8,-16,-7,-18,-7,-16,-7,-17,-6,-16,-6,-15,-6,-15,-7,-13,-8,-14,-8,-13,-8,-12,-8,-12,-7,-12,-9,-11,-9,-9,-9,-9,-10,-9,-9,-9,-9,-9,-10,-8,-10,-8,-11,-7,-12,-8,-12,-7,0,0,-12,-7,-12,-7,-13,-7,-12,-6,-12,-7,-13,-7,-12,-8,-12,-7,-12,-7,-12,-7,-13,-8,-12,-8,-12,-8,-12,-9,-12,-9,-12,-10,-12,-10,-12,-10,-11,-11,-10,-12,-9,-13,-8,-13,-8,-13,-9,-14,-7,-14,-5,-15,0,0]"
CSI_DATA: 27,6,9,9,8,8,8,0,-42,-31,5766.639,5771.923,307.822,6234.896,6234.896,309.442,"[-9,-5,-10,-4,-10,-2,-11,-3,-11,-2,-11,0,-11,1,-11,1,-11,2,-10,4,-12,5,-11,6,-12,7,-12,7,-12,7,-11,8,-11,8,-10,8,-10,9,-11,8,-10,8,-10,8,-9,7,-8,8,-8,8,-8,8,0,0,-7,7,-7,6,-7,6,-6,5,-6,4,-5,4,-5,2,-4,2,-4,0,-4,-1,-4,-2,-4,-3,-3,-5,-3,-6,-3,-7,-2,-9,-2,-11,-1,-12,0,-14,0,-14,2,-16,3,-16,3,-18,3,-20,5,-20,6,-21,0,0,14,-9,13,-9,12,-9,13,-9,11,-8,11,-9,11,-8,10,-8,9,-8,8,-8,9,-9,8,-9,8,-8,7,-8,7,-8,6,-9,5,-8,5,-8,4,-8,3,-8,3,-8,2,-8,2,-8,1,-8,0,-9,0,-9,0,0,-2,-9,-2,-9,-3,-10,-4,-10,-4,-11,-5,-11,-5,-11,-5,-11,-5,-12,-6,-12,-6,-14,-6,-14,-6,-14,-6,-15,-6,-16,-6,-17,-6,-16,-6,-18,-5,-18,-4,-18,-3,-19,-2,-18,-2,-18,-2,-19,0,-19,1,-19,0,0]"
CSI_DATA: 28,3,9,9,8,8,9,0,-39,-34,6506.127,6511.459,14.531,6682.342,6682.342,16.888,"[1,-18,0,-17,0,-17,1,-18,1,-17,1,-16,1,-15,1,-14,2,-14,1,-14,1,-14,1,-14,1,-13,1,-13,1,-12,0,-12,0,-11,0,-10,-1,-10,0,-10,0,-10,-1,-9,0,-9,-2,-9,-1,-9,-2,-8,0,0,-2,-7,-2,-7,-3,-7,-3,-6,-3,-6,-3,-6,-4,-5,-4,-4,-5,-5,-5,-4,-6,-4,-6,-4,-7,-4,-8,-4,-8,-4,-9,-4,-10,-5,-10,-5,-10,-5,-10,-6,-10,-7,-11,-8,-11,-8,-11,-8,-11,-9,-10,-9,0,0,12,13,12,13,13,11,13,13,12,12,12,12,11,11,11,10,10,10,11,8,11,9,11,8,11,7,11,7,10,6,11,5,11,4,11,4,11,3,11,4,11,4,11,3,10,3,11,1,12,3,12,1,0,0,11,1,11,1,11,1,11,1,11,1,11,1,11,1,11,1,11,1,11,1,12,1,11,2,11,2,11,2,11,3,12,4,11,4,11,5,10,6,10,6,9,7,8,8,8,9,8,9,6,11,5,11,0,0]"
CSI_DATA: 29,4,5,5,4,4,9,0,-34,-32,6508.801,6514.133,306.771,6974.565,6974.565,309.111,"[10,-17,10,-17,9,-16,11,-16,10,-15,10,-14,10,-14,9,-12,9,-12,8,-12,8,-13,7,-13,7,-12,7,-12,7,-11,6,-11,5,-11,5,-10,4,-10,4,-10,5,-10,3,-9,4,-9,2,-9,3,-9,1,-10,0,0,0,-9,0,-9,-1,-9,-2,-9,-2,-9,-2,-9,-3,-9,-4,-9,-4,-10,-5,-10,-6,-11,-5,-11,-6,-12,-6,-13,-5,-13,-6,-14,-6,-14,-6,-14,-5,-15,-5,-15,-4,-15,-4,-15,-4,-15,-5,-16,-4,-16,-3,-16,0,0,-3,7,-2,8,-1,8,-1,10,-1,10,-1,10,-1,10,-1,10,-1,10,-1,10,-1,11,0,11,0,11,1,11,0,11,2,11,2,10,2,10,3,11,3,11,3,11,5,11,4,11,7,11,7,12,7,12,0,0,8,11,9,12,10,13,10,12,10,13,11,13,11,13,12,13,12,13,13,12,15,13,13,13,14,13,15,13,16,14,17,15,18,15,18,16,17,17,17,17,17,19,16,18,17,20,18,21,16,23,15,23,0,0]"
CSI_DATA: 30,6,10,10,9,9,9,0,-40,-30,6506.612,6511.944,306.940,7027.70,7027.70,361.616,"[4,-8,3,-8,1,-9,1,-10,-1,-10,-1,-10,-2,-10,-3,-10,-4,-10,-5,-10,-6,-11,-7,-10,-8,-11,-9,-11,-8,-11,-9,-11,-9,-10,-9,-10,-10,-9,-10,-9,-9,-10,-9,-8,-8,-8,-9,-7,-9,-7,-9,-7,0,0,-7,-6,-7,-5,-7,-5,-5,-4,-4,-3,-3,-3,-3,-2,-1,-2,0,-2,2,-1,4,-1,5,0,6,0,8,2,9,2,11,3,12,4,14,5,15,6,15,7,17,9,17,10,18,11,19,11,19,14,19,15,0,0,-14,8,-13,8,-11,9,-13,9,-11,8,-12,8,-11,7,-10,7,-10,7,-9,8,-9,8,-8,8,-8,8,-7,8,-7,7,-6,8,-5,7,-5,7,-4,8,-4,8,-4,8,-3,8,-2,8,-1,8,-1,9,0,9,0,0,1,9,1,9,2,10,2,9,3,10,3,11,3,11,3,11,4,11,4,11,5,13,4,13,4,13,5,14,4,14,5,15,4,15,4,16,3,16,2,16,2,17,1,17,0,17,0,17,-2,17,-3,17,0,0]"
CSI_DATA: 31,5,7,7,6,6,9,0,-32,-34,5765.226,6510.530,307.249,7086.514,7086.514,421.60,"[-23,-8,-24,-8,-23,-6,-25,-9,-23,-8,-24,-9,-23,-9,-22,-9,-22,-10,-21,-8,-24,-9,-23,-8,-23,-9,-22,-9,-22,-10,-22,-9,-21,-8,-20,-9,-21,-8,-20,-10,-20,-10,-20,-9,-18,-9,-20,-7,-21,-9,-21,-8,0,0,-19,-8,-19,-8,-20,-8,-18,-6,-18,-8,-18,-8,-18,-8,-17,-7,-17,-7,-16,-6,-17,-6,-15,-6,-15,-6,-15,-6,-14,-6,-15,-6,-15,-5,-14,-5,-14,-5,-13,-5,-13,-6,-12,-6,-12,-5,-13,-5,-12,-5,-12,-5,0,0,-3,-16,-4,-16,-5,-16,-5,-18,-5,-18,-5,-18,-5,-18,-5,-18,-5,-19,-6,-19,-5,-22,-6,-21,-5,-21,-5,-20,-3,-21,-5,-22,-5,-20,-4,-20,-4,-20,-3,-20,-3,-20,-4,-19,-2,-19,-4,-19,-2,-19,-3,-19,0,0,-3,-16,-3,-16,-4,-16,-4,-14,-2,-13,-3,-12,-3,-11,-4,-10,-5,-9,-6,-8,-7,-7,-7,-6,-8,-5,-10,-5,-11,-5,-13,-4,-15,-4,-15,-4,-16,-5,-17,-6,-18,-6,-18,-7,-19,-8,-21,-8,-20,-11,-20,-12,0,0]"
CSI_DATA: 32,3,10,10,9,9,10,0,-39,-32,7247.172,7251.461,15.450,7422.399,7422.399,16.946,"[12,-14,12,-14,10,-14,12,-14,11,-13,11,-12,11,-12,10,-11,10,-10,9,-10,10,-11,9,-11,9,-10,8,-10,8,-9,8,-10,7,-9,7,-8,6,-9,6,-8,6,-8,5,-8,5,-7,4,-8,5,-7,4,-8,0,0,3,-6,3,-6,2,-6,1,-5,1,-5,0,-5,0,-5,-1,-4,-2,-5,-2,-5,-4,-5,-4,-5,-5,-6,-6,-6,-6,-7,-7,-8,-7,-7,-7,-8,-6,-9,-6,-10,-6,-11,-6,-11,-5,-11,-6,-12,-4,-12,-4,-12,0,0,-13,13,-12,13,-11,13,-13,14,-12,13,-12,13,-11,12,-10,12,-10,12,-9,11,-9,13,-8,13,-8,12,-8,11,-8,11,-7,13,-6,12,-6,11,-5,12,-6,12,-6,12,-5,12,-6,11,-4,12,-5,12,-4,12,0,0,-4,11,-4,11,-4,12,-3,11,-4,11,-4,11,-3,10,-3,10,-3,11,-3,10,-3,11,-4,10,-4,10,-5,10,-5,10,-5,10,-6,9,-6,9,-7,8,-7,7,-8,7,-8,6,-9,5,-9,4,-9,2,-9,1,0,0]"
CSI_DATA: 33,6,11,11,10,10,10,0,-43,-30,7247.659,7251.948,307.953,7714.747,7714.747,309.294,"[6,-2,5,-3,4,-4,4,-5,2,-5,2,-6,1,-6,0,-7,-1,-8,-2,-8,-3,-9,-3,-10,-4,-11,-5,-11,-5,-11,-6,-11,-6,-11,-6,-11,-7,-11,-7,-11,-7,-11,-7,-11,-6,-11,-8,-10,-7,-10,-8,-9,0,0,-7,-8,-5,-8,-5,-7,-5,-6,-4,-6,-3,-5,-2,-5,-1,-4,-1,-4,1,-3,2,-3,3,-2,5,-1,6,0,7,0,9,1,10,2,11,3,12,3,13,4,14,5,16,6,15,7,17,7,17,9,18,9,0,0,4,-16,3,-16,1,-16,2,-17,2,-15,2,-15,1,-14,1,-13,1,-13,0,-13,0,-13,-1,-13,-2,-12,-2,-12,-2,-11,-2,-11,-3,-10,-3,-9,-4,-9,-4,-9,-5,-9,-5,-8,-6,-8,-7,-7,-7,-7,-8,-6,0,0,-9,-6,-10,-6,-11,-5,-11,-5,-12,-5,-13,-5,-13,-5,-14,-5,-14,-5,-15,-5,-16,-5,-16,-5,-16,-5,-17,-6,-17,-7,-18,-7,-19,-7,-18,-8,-19,-9,-18,-10,-19,-11,-17,-11,-18,-12,-19,-12,-16,-15,-15,-15,0,0]"
CSI_DATA: 34,3,11,11,10,10,11,0,-40,-36,7986.105,7996.385,18.284,8167.298,8167.298,21.844,"[8,12,8,12,9,11,9,12,8,11,7,11,7,10,7,10,6,10,6,9,7,10,7,9,6,9,6,9,5,9,7,8,6,7,5,7,6,7,5,7,5,7,6,6,5,6,6,6,5,6,6,5,0,0,6,4,6,4,6,4,6,3,6,3,6,3,6,3,6,2,6,1,7,1,7,1,7,1,8,1,9,1,8,1,9,2,10,2,10,3,9,3,9,4,9,4,9,5,8,5,8,5,7,5,7,6,0,0,8,17,9,17,9,15,9,17,8,15,7,15,7,14,7,13,6,13,7,11,7,12,7,11,8,10,8,10,7,9,8,9,8,8,8,8,8,7,8,7,9,8,9,7,8,7,9,6,9,7,10,6,0,0,9,6,9,6,9,6,8,5,8,6,8,6,8,5,8,5,8,5,8,5,8,6,7,6,7,6,7,7,6,7,6,7,5,7,4,8,3,8,2,8,1,8,0,7,-1,7,-2,6,-4,6,-4,5,0,0]"
CSI_DATA: 35,4,6,6,5,5,11,0,-34,-38,7988.783,7999.63,315.588,8464.626,8464.626,319.172,"[8,-15,8,-15,6,-14,8,-15,7,-13,7,-13,6,-12,6,-11,6,-11,5,-10,5,-11,4,-11,4,-11,3,-10,3,-10,2,-11,2,-10,1,-9,1,-10,1,-9,1,-9,0,-9,0,-9,-1,-9,-1,-9,-2,-10,0,0,-3,-9,-4,-9,-5,-9,-5,-8,-5,-9,-6,-9,-7,-9,-7,-9,-8,-10,-8,-10,-10,-11,-9,-11,-9,-12,-10,-13,-9,-13,-11,-15,-10,-14,-10,-15,-9,-16,-8,-16,-8,-17,-8,-17,-8,-17,-8,-17,-7,-18,-6,-19,0,0,-2,5,-3,5,-2,4,-4,5,-4,4,-4,4,-5,4,-5,4,-5,4,-4,4,-4,5,-5,5,-5,6,-4,6,-5,6,-4,8,-4,8,-4,8,-3,9,-4,10,-4,11,-4,11,-5,11,-3,13,-4,14,-4,15,0,0,-3,15,-4,15,-4,17,-3,16,-4,17,-3,18,-2,18,-2,18,-1,19,-1,18,0,21,-1,20,0,21,1,22,1,22,2,25,3,24,3,26,2,26,2,26,1,28,0,26,0,27,1,29,-3,29,-2,28,0,0]"
CSI_DATA: 36,6,12,12,11,11,11,0,-41,-31,7986.594,7996.874,315.756,8516.144,8516.144,370.690,"[7,-7,6,-8,5,-8,5,-9,3,-10,2,-10,1,-10,0,-10,-1,-11,-2,-11,-3,-13,-4,-13,-5,-13,-6,-13,-5,-14,-7,-14,-7,-14,-7,-13,-9,-13,-8,-13,-8,-13,-8,-13,-7,-12,-9,-11,-9,-12,-9,-11,0,0,-8,-10,-8,-10,-8,-10,-7,-8,-6,-8,-5,-8,-4,-7,-3,-7,-2,-7,-1,-6,1,-5,2,-4,3,-4,5,-3,6,-3,8,-2,9,-1,11,0,12,1,13,2,15,3,15,4,16,6,18,6,18,8,18,8,0,0,-7,16,-6,16,-4,15,-5,16,-5,14,-5,14,-4,13,-4,12,-3,12,-2,11,-2,12,-1,11,-1,11,0,10,0,10,1,9,2,8,2,8,3,8,3,7,3,7,4,7,4,6,6,5,6,6,7,5,0,0,9,5,9,4,11,4,10,3,12,4,12,4,13,4,13,4,14,4,14,4,16,4,15,5,16,5,17,6,16,6,18,7,17,7,17,9,16,9,16,10,16,11,14,11,14,12,14,12,12,14,12,14,0,0]"
CSI_DATA: 37,5,8,8,6,7,11,0,-32,-31,5765.226,7995.457,316.170,8576.374,8576.374,430.920,"[-23,-8,-24,-8,-23,-6,-25,-9,-23,-8,-24,-9,-23,-9,-22,-9,-22,-10,-21,-8,-24,-9,-23,-8,-23,-9,-22,-9,-22,-10,-22,-9,-21,-8,-20,-9,-21,-8,-20,-10,-20,-10,-20,-9,-18,-9,-20,-7,-21,-9,-21,-8,0,0,-19,-8,-19,-8,-20,-8,-18,-6,-18,-8,-18,-8,-18,-8,-17,-7,-17,-7,-16,-6,-17,-6,-15,-6,-15,-6,-15,-6,-14,-6,-15,-6,-15,-5,-14,-5,-14,-5,-13,-5,-13,-6,-12,-6,-12,-5,-13,-5,-12,-5,-12,-5,0,0,1,-17,1,-17,0,-17,1,-19,1,-18,1,-19,1,-18,1,-18,1,-19,0,-18,1,-21,1,-20,1,-21,2,-20,3,-20,1,-21,1,-20,2,-19,2,-20,3,-20,4,-20,3,-20,4,-19,2,-19,4,-20,2,-20,0,0,2,-19,3,-19,2,-19,2,-18,3,-17,3,-18,3,-17,2,-16,2,-16,2,-16,1,-17,2,-15,1,-15,0,-15,0,-15,-1,-15,-1,-15,-1,-15,-2,-15,-2,-15,-2,-16,-2,-16,-2,-16,-3,-17,-1,-18,-1,-19,0,0]"
CSI_DATA: 38,6,13,13,12,12,12,0,-41,-30,8726.636,8731.924,307.721,9194.887,9194.887,309.398,"[-4,-5,-5,-5,-6,-4,-7,-4,-7,-3,-8,-2,-9,-1,-10,-1,-10,0,-10,0,-12,0,-13,1,-13,2,-13,1,-14,1,-14,2,-14,3,-13,2,-13,3,-13,3,-14,3,-13,3,-12,2,-12,3,-12,3,-11,3,0,0,-10,3,-9,2,-8,3,-6,2,-6,1,-5,1,-4,1,-3,0,-2,0,0,-1,1,-1,2,-1,4,-1,5,-2,7,-2,9,-3,9,-3,11,-3,12,-2,14,-3,15,-2,15,-1,17,0,18,-1,19,2,20,2,0,0,14,5,14,4,13,2,14,4,12,3,12,2,11,1,10,1,10,1,9,0,10,-1,9,-1,9,-2,8,-2,8,-2,7,-4,6,-4,6,-5,6,-5,6,-5,5,-6,5,-6,4,-7,3,-8,4,-9,3,-10,0,0,3,-11,3,-11,2,-12,2,-12,2,-14,3,-14,3,-15,2,-15,2,-16,2,-16,2,-18,3,-17,3,-17,4,-18,4,-18,4,-20,4,-19,5,-20,6,-19,6,-19,8,-19,8,-18,9,-18,9,-19,10,-18,11,-17,0,0]"
CSI_DATA: 39,5,9,9,7,8,12,0,-32,-30,8725.218,8730.506,308.21,9244.386,9244.386,358.897,"[-23,-10,-24,-9,-22,-8,-25,-11,-22,-10,-23,-10,-22,-9,-21,-9,-21,-10,-20,-9,-21,-11,-21,-10,-20,-10,-20,-10,-19,-11,-19,-9,-19,-9,-17,-9,-18,-8,-17,-8,-17,-8,-17,-8,-15,-9,-17,-7,-17,-8,-17,-7,0,0,-16,-6,-15,-7,-17,-6,-15,-5,-15,-6,-15,-6,-14,-6,-14,-5,-14,-6,-13,-5,-13,-5,-12,-6,-12,-5,-12,-5,-11,-5,-12,-4,-11,-4,-10,-4,-10,-4,-9,-3,-9,-4,-8,-3,-8,-3,-8,-2,-7,-3,-7,-2,0,0,-17,3,-17,4,-16,5,-19,5,-17,5,-18,5,-18,5,-17,5,-18,5,-17,6,-20,6,-20,6,-20,7,-20,6,-21,5,-21,6,-20,6,-20,5,-21,6,-21,4,-22,4,-21,4,-20,3,-20,5,-22,4,-22,5,0,0,-21,4,-21,3,-21,4,-20,3,-21,2,-21,2,-20,2,-19,2,-19,1,-18,1,-19,2,-17,1,-17,1,-17,1,-16,1,-16,2,-16,2,-15,2,-15,2,-14,2,-15,2,-14,2,-14,3,-15,3,-15,2,-16,3,0,0]"
CSI_DATA: 40,3,12,12,10,11,13,0,-40,-34,7986.105,9471.463,15.521,9642.485,9642.485,17.33,"[8,12,8,12,9,11,9,12,8,11,7,11,7,10,7,10,6,10,6,9,7,10,7,9,6,9,6,9,5,9,7,8,6,7,5,7,6,7,5,7,5,7,6,6,5,6,6,6,5,6,6,5,0,0,6,4,6,4,6,4,6,3,6,3,6,3,6,3,6,2,6,1,7,1,7,1,7,1,8,1,9,1,8,1,9,2,10,2,10,3,9,3,9,4,9,4,9,5,8,5,8,5,7,5,7,6,0,0,-1,14,0,15,2,14,1,16,0,15,0,14,0,14,0,14,0,13,1,13,1,14,1,13,2,13,2,12,1,12,4,12,4,10,4,10,4,10,5,10,5,11,6,10,6,10,7,9,7,11,8,10,0,0,9,9,9,9,10,9,10,8,10,9,11,9,12,9,12,8,13,8,13,8,15,8,14,9,15,9,16,9,17,9,18,10,18,10,18,11,18,12,17,13,17,14,16,14,16,16,17,16,14,18,14,18,0,0]"
CSI_DATA: 41,4,7,7,6,6,13,0,-33,-34,9469.662,9474.144,307.701,9934.610,9934.610,309.158,"[17,7,17,6,16,5,17,7,15,6,15,7,14,6,13,6,13,6,12,5,13,6,13,5,12,5,12,4,11,5,11,4,11,3,10,3,11,3,10,3,10,3,10,2,9,2,9,1,10,1,9,1,0,0,9,-1,9,-1,9,-2,8,-3,9,-3,9,-3,10,-4,10,-4,10,-4,10,-5,11,-6,12,-5,12,-5,13,-5,13,-4,14,-5,14,-5,14,-4,14,-3,14,-3,15,-2,15,-2,15,-1,15,-2,15,0,15,0,0,0,9,-4,8,-5,7,-6,8,-6,7,-6,7,-6,6,-7,6,-7,6,-7,5,-7,6,-8,5,-8,5,-8,5,-8,5,-8,4,-9,3,-8,3,-8,2,-9,1,-9,1,-9,0,-9,0,-9,-1,-10,-1,-11,-2,-11,0,0,-3,-11,-3,-12,-4,-12,-4,-12,-4,-12,-5,-13,-5,-13,-5,-13,-6,-13,-7,-13,-8,-15,-7,-14,-8,-15,-9,-15,-9,-16,-10,-16,-11,-17,-11,-18,-11,-19,-10,-20,-10,-21,-10,-21,-9,-23,-10,-24,-7,-25,-7,-26,0,0]"
CSI_DATA: 42,6,14,14,12,13,13,0,-41,-32,8726.636,9471.956,307.984,9985.316,9985.316,359.864,"[-4,-5,-5,-5,-6,-4,-7,-4,-7,-3,-8,-2,-9,-1,-10,-1,-10,0,-10,0,-12,0,-13,1,-13,2,-13,1,-14,1,-14,2,-14,3,-13,2,-13,3,-13,3,-14,3,-13,3,-12,2,-12,3,-12,3,-11,3,0,0,-10,3,-9,2,-8,3,-6,2,-6,1,-5,1,-4,1,-3,0,-2,0,0,-1,1,-1,2,-1,4,-1,5,-2,7,-2,9,-3,9,-3,11,-3,12,-2,14,-3,15,-2,15,-1,17,0,18,-1,19,2,20,2,0,0,1,-17,0,-16,-1,-16,0,-16,0,-15,0,-14,-1,-13,-1,-12,-1,-12,-2,-11,-2,-11,-2,-10,-3,-10,-3,-9,-3,-8,-4,-8,-4,-6,-4,-6,-5,-5,-5,-4,-5,-4,-6,-3,-5,-3,-6,-1,-7,-1,-7,0,0,0,-7,1,-8,2,-9,3,-9,4,-9,4,-10,5,-10,5,-10,6,-11,6,-11,7,-13,7,-13,7,-14,7,-14,8,-14,8,-15,8,-16,8,-16,8,-17,7,-17,6,-18,6,-17,6,-18,4,-18,4,-18,2,-18,2,0,0]"
CSI_DATA: 43,3,13,13,11,12,14,0,-39,-34,10206.99,10211.459,15.486,10382.444,10382.444,16.992,"[-8,10,-8,10,-7,11,-8,11,-8,10,-8,10,-8,9,-8,9,-8,9,-6,8,-7,9,-6,8,-7,8,-6,8,-6,7,-5,8,-4,7,-5,7,-4,7,-4,7,-4,7,-3,7,-4,7,-2,7,-3,8,-2,7,0,0,-2,7,-1,7,-1,7,0,7,0,7,0,7,1,7,1,7,2,8,2,8,3,9,2,9,2,9,2,10,2,10,2,11,2,11,1,11,1,11,0,11,0,12,0,11,-1,11,-1,11,-2,10,-2,10,0,0,15,1,15,1,15,-1,16,1,15,0,15,0,14,0,13,0,13,-1,13,-2,13,-2,12,-3,12,-3,12,-3,12,-3,12,-5,11,-5,10,-5,11,-6,10,-6,11,-6,10,-6,10,-5,9,-8,11,-7,10,-8,0,0,9,-8,9,-8,9,-9,8,-9,9,-9,9,-9,9,-9,9,-9,9,-10,9,-10,9,-11,9,-10,9,-10,10,-11,10,-10,11,-11,11,-11,12,-10,13,-9,13,-8,14,-8,14,-6,14,-6,14,-6,15,-4,15,-3,0,0]"
CSI_DATA: 44,6,15,15,13,14,14,0,-41,-31,10206.595,10211.954,307.928,10674.768,10674.768,309.316,"[7,3,7,1,7,0,8,-1,8,-3,8,-5,8,-7,8,-7,8,-10,8,-10,9,-12,8,-14,8,-15,6,-15,7,-15,5,-18,4,-17,5,-17,4,-18,3,-18,4,-18,2,-17,2,-17,1,-17,2,-17,0,-16,0,0,-1,-14,0,-13,0,-11,0,-10,0,-8,1,-7,1,-5,3,-4,3,-3,4,0,5,1,6,3,7,5,9,8,10,10,11,11,13,13,14,16,15,18,15,19,15,23,16,24,17,27,18,28,17,31,17,31,0,0,6,13,6,12,7,11,7,12,6,10,6,9,6,8,6,8,6,7,6,6,6,6,7,5,6,4,6,4,6,3,7,2,6,1,6,1,6,0,7,0,7,-1,7,-1,7,-2,7,-3,8,-4,7,-4,0,0,7,-6,8,-6,8,-7,7,-7,8,-8,8,-9,9,-9,9,-10,9,-10,9,-11,10,-12,10,-11,10,-12,11,-12,12,-12,13,-13,13,-12,13,-12,14,-12,14,-11,15,-11,15,-11,16,-10,16,-10,17,-8,17,-7,0,0]"
CSI_DATA: 45,5,10,10,8,9,14,0,-31,-31,9466.54,10210.533,308.172,10723.44,10723.44,357.592,"[-26,4,-26,4,-25,5,-28,3,-26,3,-26,3,-25,3,-24,3,-25,2,-23,3,-25,2,-25,3,-24,2,-24,2,-23,1,-24,2,-22,2,-21,1,-21,3,-21,1,-21,1,-21,2,-20,1,-20,3,-21,2,-20,3,0,0,-19,3,-19,2,-19,3,-18,3,-18,2,-18,2,-18,1,-17,2,-17,2,-16,2,-16,2,-15,1,-15,1,-15,1,-14,1,-14,1,-14,1,-13,1,-12,0,-11,0,-11,0,-11,0,-10,0,-10,0,-9,0,-9,0,0,0,11,-11,10,-11,10,-13,12,-13,11,-13,11,-13,11,-14,11,-14,12,-14,11,-15,13,-16,12,-17,13,-17,13,-17,14,-15,14,-18,13,-17,14,-16,14,-17,15,-17,16,-16,15,-16,16,-15,14,-17,17,-17,16,-17,0,0,16,-16,17,-16,17,-16,16,-15,17,-14,17,-14,17,-13,16,-13,16,-12,15,-12,15,-13,14,-11,13,-11,13,-11,12,-11,12,-11,12,-11,11,-11,11,-11,11,-11,11,-11,11,-11,11,-11,10,-12,11,-12,11,-11,0,0]"
CSI_DATA: 46,3,14,14,12,13,15,0,-38,-31,10948.914,10951.453,15.513,11122.330,11122.330,16.878,"[10,11,10,11,11,10,10,11,9,11,8,10,9,9,8,9,8,9,8,8,9,8,9,7,8,7,8,7,8,7,9,6,8,5,8,5,8,5,8,5,9,5,9,5,8,5,9,3,9,4,9,3,0,0,9,3,9,3,9,3,9,2,9,2,9,2,9,2,9,2,9,1,9,0,10,-1,10,0,10,0,11,0,12,0,12,0,13,0,13,1,13,1,13,2,13,3,13,4,13,5,13,4,12,6,12,6,0,0,5,-16,4,-16,3,-16,4,-17,3,-15,3,-16,3,-16,3,-15,3,-15,1,-14,1,-16,1,-16,0,-15,0,-15,0,-15,-1,-16,-1,-15,-1,-14,-2,-15,-2,-15,-1,-15,-2,-15,-2,-14,-3,-14,-3,-15,-4,-15,0,0,-4,-14,-4,-14,-4,-15,-4,-13,-4,-13,-5,-14,-5,-13,-5,-13,-5,-13,-5,-13,-6,-14,-5,-14,-5,-14,-5,-15,-5,-14,-5,-15,-5,-15,-4,-15,-3,-15,-2,-15,-1,-16,0,-15,1,-15,1,-15,3,-14,4,-14,0,0]"
CSI_DATA: 47,6,16,16,14,15,15,0,-41,-30,10949.412,10951.950,307.998,11414.886,11414.886,309.434,"[-8,7,-6,8,-4,10,-3,10,-2,11,-1,12,1,12,2,13,3,14,5,14,7,17,8,16,9,16,10,17,10,18,12,18,12,16,12,17,13,16,11,17,11,18,12,16,10,16,13,14,12,14,11,13,0,0,9,11,9,10,9,8,8,8,7,6,5,5,4,3,2,2,0,0,-3,-2,-4,-3,-5,-5,-6,-6,-8,-9,-10,-11,-12,-14,-14,-17,-15,-18,-15,-21,-15,-23,-13,-27,-15,-28,-14,-32,-17,-33,-14,-36,-13,-37,0,0,-14,0,-13,0,-12,1,-13,1,-12,1,-12,1,-11,1,-10,1,-10,1,-9,2,-9,3,-8,3,-8,3,-7,3,-7,3,-6,4,-5,4,-6,4,-4,5,-4,5,-4,6,-3,6,-3,6,-1,7,-1,8,-1,8,0,0,0,9,1,9,1,9,2,10,2,10,2,11,3,11,3,12,3,12,4,13,4,14,4,14,4,14,4,15,4,15,4,16,3,17,3,17,1,18,1,17,0,18,0,17,-1,17,0,17,-2,17,-3,17,0,0]"
CSI_DATA: 48,3,15,15,13,14,16,0,-38,-34,11686.77,11691.412,15.462,11862.361,11862.361,16.908,"[-13,-6,-13,-6,-13,-5,-14,-6,-13,-5,-12,-5,-12,-5,-11,-5,-12,-5,-11,-4,-12,-4,-12,-3,-12,-3,-11,-3,-11,-3,-11,-3,-11,-2,-10,-2,-11,-1,-11,-2,-11,-2,-11,-1,-10,-1,-11,0,-11,-1,-11,0,0,0,-11,0,-11,0,-11,1,-10,2,-11,1,-11,1,-11,2,-11,2,-11,2,-10,3,-11,4,-11,3,-12,4,-12,4,-12,4,-13,5,-14,4,-14,4,-15,3,-14,2,-15,1,-15,0,-15,0,-15,-1,-14,-2,-14,-3,0,0,8,12,8,11,10,10,10,11,9,10,9,10,9,9,9,8,9,8,9,7,10,8,10,7,10,6,10,5,9,6,11,4,10,3,10,4,10,3,10,3,10,3,10,2,10,3,10,1,11,2,11,1,0,0,10,0,11,0,10,0,10,-1,10,-1,11,-1,10,-1,10,-1,11,-2,11,-2,12,-2,11,-1,12,-1,12,-1,13,-1,13,-1,14,0,14,0,14,1,14,2,14,3,13,3,14,4,14,5,12,7,12,8,0,0]"
CSI_DATA: 49,5,11,11,9,10,16,0,-31,-30,10947.989,11690.488,1048.263,12155.204,12155.204,309.751,"[-25,12,-25,12,-24,13,-26,11,-25,11,-25,10,-25,10,-24,9,-25,9,-23,9,-25,9,-24,9,-23,9,-23,8,-23,6,-22,9,-20,8,-20,7,-19,8,-20,6,-19,6,-18,7,-18,5,-17,8,-18,7,-17,8,0,0,-15,8,-16,8,-15,8,-14,8,-14,8,-14,8,-14,8,-13,8,-13,8,-13,8,-12,9,-12,7,-12,7,-12,7,-12,7,-12,7,-12,7,-11,7,-11,6,-10,5,-10,5,-9,4,-10,4,-8,5,-8,4,-8,4,0,0,-11,-10,-12,-9,-13,-8,-14,-10,-13,-9,-14,-9,-15,-9,-15,-8,-16,-9,-16,-9,-17,-11,-18,-10,-18,-10,-18,-10,-18,-11,-20,-10,-19,-10,-19,-10,-20,-10,-20,-11,-20,-12,-20,-11,-18,-13,-19,-11,-20,-14,-21,-13,0,0,-20,-12,-20,-13,-20,-13,-20,-12,-19,-13,-19,-13,-19,-13,-17,-13,-18,-13,-17,-13,-17,-13,-15,-13,-15,-12,-15,-12,-15,-11,-15,-11,-14,-10,-14,-10,-13,-9,-13,-9,-13,-9,-12,-8,-12,-8,-12,-8,-12,-9,-12,-8,0,0]"
CSI_DATA: 50,3,16,16,14,15,17,0,-42,-32,12426.86,12431.445,15.511,12602.385,12602.385,16.932,"[-8,-9,-8,-8,-9,-7,-9,-9,-9,-7,-9,-8,-9,-7,-8,-7,-8,-6,-8,-6,-9,-6,-9,-6,-9,-5,-9,-6,-8,-5,-9,-4,-8,-4,-8,-4,-9,-3,-9,-3,-9,-4,-9,-3,-8,-3,-9,-2,-9,-3,-9,-2,0,0,-9,-1,-9,-1,-10,-1,-9,0,-10,0,-10,0,-10,0,-10,1,-10,1,-10,1,-11,2,-12,1,-12,1,-13,1,-13,1,-14,1,-14,0,-14,0,-14,-1,-13,-2,-14,-3,-13,-3,-13,-4,-13,-4,-12,-4,-12,-4,0,0,-6,-10,-6,-11,-7,-10,-8,-12,-8,-11,-7,-11,-8,-11,-7,-10,-8,-10,-8,-10,-9,-11,-10,-10,-10,-10,-10,-9,-10,-10,-11,-9,-11,-8,-11,-8,-12,-8,-12,-8,-12,-8,-13,-8,-12,-8,-14,-6,-15,-7,-16,-7,0,0,-16,-6,-17,-6,-18,-6,-17,-5,-18,-6,-18,-6,-18,-6,-19,-5,-19,-5,-19,-4,-22,-4,-21,-4,-21,-4,-22,-4,-22,-5,-24,-5,-24,-5,-25,-6,-24,-7,-24,-8,-25,-9,-23,-10,-24,-10,-25,-10,-23,-12,-23,-13,0,0]"
CSI_DATA: 51,4,8,8,7,7,17,0,-35,-33,12428.775,12434.134,307.742,12894.632,12894.632,309.179,"[6,16,6,16,7,14,6,16,5,15,4,14,4,14,4,13,3,13,4,11,4,12,4,11,4,11,4,10,4,9,5,9,5,7,4,7,5,7,4,7,4,7,5,6,4,6,5,5,5,5,5,4,0,0,5,3,6,2,6,1,6,1,7,1,7,0,8,-1,8,-1,9,-1,9,-2,10,-2,11,-1,12,-2,12,-2,12,-1,14,-1,14,-1,14,0,14,1,14,1,15,2,15,2,15,3,15,2,15,4,15,4,0,0,-7,1,-7,2,-6,3,-7,4,-6,4,-7,5,-7,5,-6,5,-6,6,-6,6,-6,7,-5,7,-5,8,-5,8,-5,8,-4,9,-3,9,-3,9,-2,10,-3,11,-3,11,-2,12,-2,12,0,13,-1,14,0,15,0,0,0,15,0,16,1,17,1,16,1,17,1,17,2,17,2,18,3,17,3,17,5,19,4,18,5,19,5,20,5,21,7,23,7,22,7,24,6,24,5,25,5,26,4,26,4,27,5,29,2,29,1,30,0,0]"
CSI_DATA: 52,6,18,18,16,17,17,0,-43,-31,12426.588,12431.946,308.16,12938.220,12938.220,352.767,"[-5,2,-4,3,-2,3,-2,4,-1,4,0,4,1,3,2,3,4,4,4,3,6,3,7,2,7,2,8,2,9,1,9,0,9,0,9,0,10,-1,10,-1,10,-1,10,-2,9,-1,9,-2,9,-2,9,-3,0,0,7,-2,7,-2,7,-2,6,-2,6,-1,5,-1,4,0,4,1,4,1,3,2,3,4,2,5,1,6,1,8,1,8,0,10,-1,11,0,13,-1,13,-1,14,-2,16,-3,16,-4,17,-3,20,-5,20,-4,20,0,0,4,-14,4,-14,2,-13,3,-14,2,-13,2,-12,1,-12,1,-11,1,-10,0,-10,-1,-10,-1,-10,-2,-9,-2,-8,-2,-8,-3,-7,-4,-7,-4,-6,-5,-6,-5,-6,-6,-6,-6,-5,-6,-5,-8,-3,-8,-4,-9,-3,0,0,-9,-2,-10,-2,-12,-1,-11,-1,-12,-1,-13,-1,-13,-1,-14,-1,-14,0,-14,0,-16,0,-16,0,-16,0,-18,-1,-17,-1,-19,-1,-19,-1,-19,-2,-19,-3,-19,-4,-20,-5,-18,-5,-19,-6,-19,-6,-18,-8,-18,-8,0,0]"
CSI_DATA: 53,6,19,19,17,18,18,0,-42,-31,13168.56,13171.957,307.940,13634.823,13634.823,309.369,"[-2,10,0,10,3,8,3,8,5,7,5,6,7,3,7,2,8,1,9,-1,11,-3,12,-4,13,-6,12,-6,14,-6,13,-9,12,-9,13,-9,12,-10,13,-10,14,-10,12,-11,12,-10,11,-12,12,-11,10,-11,0,0,9,-9,10,-9,8,-9,6,-7,7,-6,7,-5,6,-4,6,-2,6,0,5,3,5,4,5,6,4,8,4,11,3,13,4,16,4,17,4,20,3,22,2,23,1,26,1,27,1,30,2,31,0,33,0,34,0,0,-2,15,-2,15,0,14,-1,15,-1,13,0,13,0,12,0,11,0,11,1,10,2,10,2,9,2,9,3,8,2,8,3,7,3,6,3,5,4,5,4,4,5,4,5,3,5,2,6,1,7,1,8,0,0,0,8,-1,9,-2,10,-3,9,-3,11,-3,11,-4,12,-4,12,-4,13,-5,13,-5,15,-6,15,-5,15,-5,17,-5,16,-5,18,-5,18,-5,18,-4,18,-4,18,-3,19,-2,19,-2,18,-2,19,-1,19,1,19,1,0,0]"
CSI_DATA: 54,5,12,12,12,11,19,0,-32,-30,13905.136,13910.476,308.69,14375.319,14375.319,309.867,"[18,11,18,11,18,10,19,13,17,12,18,12,17,12,16,11,16,12,15,10,17,12,17,11,16,11,16,11,14,12,16,10,14,10,14,9,14,9,14,10,13,10,13,9,12,9,13,7,14,9,14,8,0,0,13,7,13,8,14,7,12,6,12,7,13,7,12,7,11,7,11,7,11,6,11,6,10,6,10,6,10,6,9,6,9,6,9,5,8,5,8,5,7,4,7,4,7,4,7,4,7,3,6,3,6,3,0,0,10,12,11,12,12,10,13,13,12,12,12,13,12,13,12,12,12,13,12,12,13,15,14,14,13,14,13,14,12,15,14,15,13,14,11,14,12,14,12,15,11,15,11,14,10,15,12,13,12,15,12,15,0,0,11,15,11,15,11,15,10,14,10,15,10,15,9,14,9,14,9,13,9,13,9,13,8,12,8,11,8,11,8,11,9,11,9,10,10,10,9,10,9,9,10,10,10,9,10,9,11,10,10,11,11,12,0,0]"
CSI_DATA: 55,3,17,17,15,16,20,0,-36,-34,14646.25,14651.448,15.513,14822.433,14822.433,16.979,"[-9,-13,-9,-13,-9,-11,-9,-13,-8,-12,-8,-11,-8,-11,-7,-11,-7,-10,-8,-9,-9,-10,-9,-9,-9,-9,-9,-9,-8,-9,-9,-8,-9,-7,-8,-8,-9,-7,-8,-8,-8,-8,-9,-7,-8,-7,-9,-6,-9,-7,-9,-6,0,0,-8,-6,-9,-6,-9,-6,-9,-4,-9,-5,-9,-4,-9,-5,-9,-4,-10,-4,-10,-3,-11,-3,-11,-3,-11,-3,-12,-4,-12,-4,-12,-3,-13,-4,-12,-5,-12,-5,-11,-6,-12,-7,-11,-8,-11,-8,-11,-8,-10,-8,-10,-8,0,0,18,0,17,0,18,-2,19,-1,17,0,16,-1,16,-1,15,-2,14,-2,14,-2,15,-3,14,-4,13,-4,13,-4,12,-4,12,-6,11,-6,11,-5,10,-7,10,-7,11,-6,9,-7,10,-6,8,-8,10,-8,9,-9,0,0,8,-9,8,-9,8,-10,7,-10,8,-9,8,-10,8,-10,8,-10,8,-10,9,-10,9,-11,9,-9,9,-9,10,-9,10,-8,11,-8,11,-8,11,-7,12,-5,12,-4,12,-4,11,-3,11,-1,11,-1,11,1,11,2,0,0]"
CSI_DATA: 56,4,9,9,8,8,20,0,-35,-34,14648.719,14654.142,307.736,15114.621,15114.621,309.167,"[-19,-3,-18,-2,-18,-1,-18,-3,-17,-3,-16,-3,-16,-4,-15,-3,-14,-3,-14,-3,-14,-3,-14,-3,-14,-3,-13,-2,-13,-3,-13,-1,-12,-1,-11,-2,-12,-1,-11,-2,-11,-2,-11,-1,-10,-2,-11,0,-11,-1,-10,0,0,0,-9,1,-10,1,-10,1,-9,2,-9,2,-10,2,-10,2,-9,3,-10,4,-10,3,-10,4,-10,3,-11,4,-11,4,-11,4,-12,5,-12,4,-12,4,-12,4,-12,3,-13,3,-13,3,-14,2,-15,3,-14,2,-15,2,0,0,-6,3,-6,3,-5,4,-6,5,-6,5,-6,5,-6,6,-6,5,-6,6,-6,6,-6,7,-6,7,-5,8,-5,8,-5,8,-4,9,-3,9,-3,10,-2,10,-2,10,-2,11,-1,12,-2,12,1,13,0,14,1,14,0,0,2,15,2,16,3,16,4,16,3,17,4,17,4,18,5,18,6,19,7,19,8,20,7,20,7,21,8,22,9,23,9,24,10,25,9,25,9,26,7,26,7,27,6,26,6,28,7,28,4,28,4,28,0,0]"
CSI_DATA: 57,6,20,20,18,19,20,0,-33,-31,14205.698,14651.955,307.880,15165.540,15165.540,360.86,"[-20,18,-19,18,-19,18,-22,18,-21,17,-21,15,-21,15,-19,15,-21,14,-20,14,-22,14,-20,14,-20,13,-20,12,-20,10,-20,12,-17,11,-17,10,-17,10,-17,9,-17,9,-16,9,-15,8,-14,9,-15,9,-13,9,0,0,-12,9,-12,9,-12,9,-11,9,-10,8,-10,8,-10,8,-9,7,-8,8,-7,7,-7,7,-7,6,-6,6,-5,6,-4,6,-4,6,-3,6,-2,6,-2,7,-1,7,0,7,0,7,0,8,1,8,0,9,0,10,0,0,12,-7,11,-7,10,-8,10,-8,9,-8,9,-8,8,-8,8,-7,7,-7,6,-8,6,-9,5,-9,5,-8,4,-8,4,-8,3,-9,2,-8,2,-8,1,-8,0,-8,1,-9,-1,-8,0,-9,-2,-9,-3,-9,-3,-10,0,0,-4,-9,-5,-10,-6,-10,-6,-10,-7,-11,-7,-11,-8,-11,-8,-11,-9,-12,-9,-13,-10,-14,-9,-13,-9,-14,-10,-15,-10,-15,-10,-16,-10,-16,-10,-17,-9,-17,-8,-17,-8,-19,-7,-18,-6,-18,-7,-19,-5,-19,-3,-19,0,0]"
CSI_DATA: 58,5,13,13,13,12,20,0,-33,-41,14645.103,14650.527,308.221,15230.623,15230.623,425.169,"[-6,-22,-7,-23,-8,-21,-7,-24,-6,-22,-6,-23,-5,-22,-4,-21,-4,-21,-5,-20,-5,-22,-5,-21,-5,-21,-5,-21,-4,-20,-5,-20,-5,-19,-4,-18,-5,-18,-4,-18,-3,-18,-4,-18,-3,-17,-5,-16,-4,-18,-5,-17,0,0,-4,-16,-4,-15,-5,-16,-5,-14,-4,-14,-4,-14,-3,-14,-3,-13,-3,-13,-3,-12,-4,-12,-3,-11,-3,-11,-3,-11,-3,-10,-3,-10,-3,-9,-3,-9,-3,-8,-2,-7,-2,-8,-3,-7,-3,-6,-3,-6,-2,-6,-2,-5,0,0,7,-7,6,-7,6,-9,7,-9,7,-9,7,-10,7,-11,7,-10,8,-12,8,-12,9,-13,9,-14,9,-14,9,-14,11,-13,11,-16,9,-15,11,-14,11,-15,12,-15,13,-14,11,-14,13,-13,11,-14,13,-14,13,-14,0,0,12,-13,13,-13,12,-13,12,-13,13,-11,13,-12,12,-11,11,-10,10,-9,11,-9,10,-9,9,-7,9,-6,8,-6,7,-6,6,-6,5,-6,4,-5,3,-5,2,-5,2,-5,1,-5,1,-5,-1,-6,-1,-6,-2,-7,0,0]"
CSI_DATA: 59,3,18,18,16,17,21,0,-38,-34,15386.33,15391.456,15.551,15562.459,15562.459,17.06,"[0,-17,0,-16,-1,-16,0,-18,0,-16,1,-16,1,-15,0,-14,1,-14,0,-13,1,-14,0,-14,0,-13,0,-13,1,-13,0,-13,-1,-12,0,-11,-1,-11,-1,-12,-1,-11,-1,-11,-1,-10,-2,-11,-1,-11,-2,-11,0,0,-2,-10,-2,-10,-2,-10,-2,-9,-2,-9,-3,-9,-2,-8,-3,-8,-4,-8,-4,-7,-5,-7,-5,-7,-5,-8,-6,-8,-6,-8,-7,-9,-7,-9,-7,-10,-7,-10,-6,-10,-6,-11,-5,-11,-5,-12,-5,-12,-3,-12,-3,-12,0,0,-5,15,-5,15,-3,15,-5,16,-4,15,-4,15,-4,14,-4,14,-4,13,-2,13,-2,14,-1,14,-1,13,-1,12,-1,12,0,12,1,11,0,11,1,11,0,11,0,11,1,10,1,10,2,9,2,10,3,10,0,0,2,9,2,9,2,9,3,8,3,8,2,8,3,8,3,8,3,8,3,8,4,8,3,8,2,8,2,9,1,9,1,9,1,10,0,10,-1,9,-2,9,-3,10,-4,9,-5,9,-5,9,-7,7,-8,7,0,0]"
CSI_DATA: 60,4,10,10,9,9,21,0,-34,-33,15388.729,15394.152,307.756,15854.711,15854.711,309.258,"[-6,17,-5,17,-4,16,-6,17,-6,16,-6,15,-6,14,-6,13,-6,13,-5,12,-6,13,-5,13,-5,12,-5,12,-5,11,-4,12,-4,11,-4,11,-3,10,-4,10,-4,10,-3,10,-4,9,-2,10,-3,10,-2,10,0,0,-2,9,-2,9,-1,8,0,8,0,8,0,9,0,9,1,8,1,9,1,9,2,10,1,10,2,10,2,10,2,11,2,11,2,11,2,11,1,11,1,11,1,12,1,11,0,12,1,13,0,13,0,13,0,0,-8,-5,-9,-4,-9,-3,-10,-4,-10,-4,-10,-4,-11,-4,-11,-3,-11,-3,-11,-2,-12,-3,-11,-2,-11,-2,-12,-1,-11,-1,-12,0,-11,1,-11,1,-11,2,-12,2,-12,2,-12,3,-12,3,-11,6,-13,5,-13,7,0,0,-13,8,-14,8,-14,9,-13,9,-14,9,-14,10,-14,11,-14,11,-14,12,-14,12,-15,14,-15,14,-15,14,-16,16,-16,16,-17,18,-17,18,-19,18,-20,18,-20,18,-23,18,-22,17,-24,16,-24,18,-27,15,-27,15,0,0]"
CSI_DATA: 61,6,21,21,19,20,21,0,-41,-31,15386.542,15391.966,308.34,15907.878,15907.878,362.425,"[4,0,3,-1,3,-2,3,-3,3,-4,2,-5,2,-6,1,-7,2,-7,0,-8,1,-10,0,-10,0,-10,-1,-11,0,-11,-1,-12,-1,-11,-1,-10,-1,-10,-2,-10,-1,-10,-2,-9,-2,-9,-2,-7,-2,-7,-2,-7,0,0,-2,-4,-2,-4,-1,-2,-1,-1,0,0,0,2,1,2,2,3,2,5,3,6,4,8,5,9,6,11,7,12,7,14,8,16,10,17,9,18,9,20,9,21,10,24,9,24,10,26,12,26,10,28,10,28,0,0,-14,-8,-14,-8,-14,-6,-15,-8,-13,-7,-13,-6,-12,-6,-12,-5,-12,-5,-11,-4,-12,-4,-12,-3,-11,-3,-10,-3,-10,-3,-10,-2,-9,-1,-8,-1,-8,0,-8,0,-8,1,-7,1,-7,2,-6,3,-7,4,-6,5,0,0,-6,6,-6,6,-6,7,-5,7,-6,8,-6,9,-6,9,-6,10,-6,11,-6,11,-6,13,-7,12,-7,12,-8,13,-8,13,-9,14,-9,14,-10,14,-10,14,-10,13,-12,13,-12,13,-13,12,-13,13,-14,11,-14,11,0,0]"
CSI_DATA: 62,5,14,14,14,13,21,0,-33,-37,15385.112,15390.535,308.306,15970.626,15970.626,425.173,"[24,-14,24,-15,22,-15,25,-14,23,-14,23,-13,23,-12,22,-12,22,-11,21,-12,23,-12,22,-12,22,-11,21,-10,21,-9,21,-11,18,-10,18,-10,17,-10,18,-9,18,-8,17,-9,17,-8,15,-10,17,-9,16,-10,0,0,14,-9,15,-8,14,-9,13,-9,14,-8,14,-8,13,-7,12,-7,12,-7,11,-6,11,-7,10,-5,10,-5,9,-5,8,-5,8,-5,7,-5,7,-4,6,-4,5,-4,5,-4,4,-4,4,-4,3,-4,3,-4,2,-4,0,0,-4,10,-3,10,-2,11,-4,13,-3,12,-3,13,-3,13,-3,13,-3,14,-3,14,-3,16,-3,16,-4,16,-4,15,-5,15,-3,16,-3,15,-4,15,-3,15,-4,15,-5,15,-4,14,-5,13,-2,14,-4,14,-3,14,0,0,-2,13,-2,13,-2,13,-1,12,-1,12,-1,11,0,11,1,10,2,10,3,9,4,10,4,9,5,9,7,10,7,10,9,11,9,11,10,12,10,13,10,13,10,16,9,15,10,17,10,17,8,19,8,20,0,0]"
CSI_DATA: 63,3,19,19,17,18,22,0,-38,-32,16126.34,16131.430,15.505,16302.442,16302.442,16.988,"[14,3,14,2,13,1,14,2,13,2,13,2,13,2,12,2,12,2,11,1,12,2,12,1,12,2,11,2,11,2,11,1,10,1,10,1,10,1,10,1,10,1,10,1,9,1,9,0,9,1,9,0,0,0,9,0,8,0,8,0,8,-1,7,0,7,-1,6,-1,6,-1,6,-2,6,-3,6,-4,6,-4,6,-4,7,-5,7,-5,8,-6,9,-6,9,-6,9,-6,10,-5,11,-5,10,-5,11,-4,12,-4,12,-3,12,-3,0,0,7,16,8,16,10,15,9,17,9,16,8,15,8,15,8,14,8,14,9,13,9,14,9,13,9,12,9,12,8,12,10,11,10,10,9,10,10,9,10,9,10,9,10,9,9,9,11,7,11,8,11,8,0,0,11,7,11,7,11,7,11,6,10,7,11,7,11,6,11,6,11,6,11,6,12,5,11,6,11,6,11,6,11,7,12,7,11,7,11,8,10,8,10,9,10,10,8,10,8,11,8,11,6,12,5,12,0,0]"
CSI_DATA: 64,6,22,22,20,21,22,0,-40,-31,16126.545,16131.942,308.15,16594.848,16594.848,309.394,"[-10,6,-9,7,-8,8,-9,9,-8,9,-7,10,-7,10,-6,11,-5,11,-4,12,-5,14,-4,14,-4,15,-4,15,-5,15,-3,16,-3,16,-4,15,-3,16,-4,15,-4,15,-4,15,-5,14,-3,14,-4,14,-3,14,0,0,-3,12,-3,10,-2,10,-2,9,-2,8,-1,6,-1,5,-1,4,0,3,1,1,2,0,3,-2,4,-3,5,-4,6,-5,8,-8,9,-8,11,-9,12,-9,14,-10,16,-10,17,-9,19,-9,21,-10,22,-7,24,-7,0,0,-7,14,-7,14,-5,13,-6,14,-6,13,-5,12,-5,12,-4,12,-5,11,-3,11,-4,11,-3,11,-3,10,-2,10,-2,10,-1,10,-1,8,0,8,1,8,1,8,1,8,2,8,2,7,4,7,3,7,4,7,0,0,6,7,6,7,7,7,7,6,7,7,8,7,8,7,9,7,9,7,10,7,11,7,11,8,11,8,12,9,11,9,12,10,12,10,12,11,12,11,11,12,11,13,11,13,10,14,10,14,8,16,8,16,0,0]"
CSI_DATA: 65,3,20,20,18,19,23,0,-37,-31,16866.119,16871.398,15.496,17042.349,17042.349,16.895,"[1,-17,1,-16,0,-16,1,-18,0,-17,1,-16,1,-16,1,-16,1,-15,0,-15,1,-16,0,-15,1,-15,1,-15,1,-14,0,-14,0,-13,0,-12,0,-12,0,-12,0,-12,0,-11,0,-10,-1,-10,0,-11,-1,-10,0,0,-1,-9,-2,-8,-2,-8,-2,-7,-2,-7,-3,-6,-3,-5,-3,-4,-4,-4,-4,-3,-5,-3,-6,-3,-7,-2,-8,-2,-8,-2,-10,-2,-11,-2,-11,-3,-11,-3,-11,-4,-12,-5,-12,-6,-12,-7,-12,-7,-11,-8,-11,-9,0,0,11,10,12,10,13,9,13,10,12,10,12,9,12,9,11,8,11,8,12,7,12,8,12,7,12,6,12,6,11,6,13,5,12,4,12,4,12,3,13,4,13,4,13,3,12,4,13,2,14,3,14,3,0,0,14,2,14,3,14,2,13,2,13,2,13,2,13,2,13,2,13,2,13,2,14,2,13,2,13,2,14,3,14,3,15,3,14,3,14,4,14,5,14,5,14,6,13,6,13,7,13,8,12,9,11,9,0,0]"
CSI_DATA: 66,6,23,23,21,22,23,0,-46,-33,16866.632,16871.912,307.926,17334.937,17334.937,309.483,"[10,-2,10,-3,10,-4,12,-4,11,-4,12,-4,12,-5,12,-5,13,-5,13,-6,14,-6,13,-7,13,-7,13,-7,13,-6,13,-7,11,-7,11,-6,11,-6,11,-5,11,-5,9,-5,8,-4,7,-5,8,-5,6,-4,0,0,4,-3,3,-3,2,-2,1,-1,0,0,0,0,-1,2,-2,3,-3,4,-3,5,-5,8,-6,8,-7,9,-8,11,-9,13,-10,15,-11,16,-12,18,-14,19,-15,20,-16,21,-17,21,-18,23,-17,26,-20,26,-20,27,0,0,-5,14,-4,13,-3,13,-3,13,-3,12,-3,12,-3,11,-2,11,-2,10,-1,10,-1,10,0,10,1,9,1,8,1,8,2,7,2,6,2,6,3,5,3,5,4,5,5,4,5,4,7,3,7,3,8,2,0,0,9,2,10,2,11,1,10,1,12,1,12,2,13,2,13,2,14,2,14,1,16,1,15,2,15,2,16,3,16,3,17,4,17,3,17,4,17,5,16,6,17,7,16,7,16,7,16,7,15,9,15,10,0,0]"
CSI_DATA: 67,5,15,15,16,14,23,0,-35,-32,16865.199,16870.479,308.253,17382.779,17382.779,357.325,"[-12,-25,-12,-25,-13,-24,-12,-26,-11,-25,-10,-24,-10,-23,-9,-22,-9,-23,-9,-21,-8,-24,-9,-22,-8,-22,-8,-21,-6,-21,-8,-20,-8,-18,-7,-18,-7,-17,-6,-18,-5,-17,-6,-16,-5,-16,-7,-15,-5,-16,-6,-15,0,0,-6,-14,-6,-13,-6,-13,-6,-12,-5,-12,-5,-11,-5,-11,-5,-10,-5,-10,-5,-9,-5,-8,-5,-8,-5,-7,-6,-7,-5,-6,-6,-6,-6,-5,-6,-5,-6,-5,-6,-4,-6,-4,-6,-4,-7,-3,-7,-3,-7,-3,-7,-3,0,0,-14,-9,-15,-8,-16,-6,-17,-8,-16,-7,-17,-7,-17,-7,-17,-7,-18,-7,-18,-6,-20,-8,-20,-7,-20,-7,-20,-7,-20,-8,-22,-7,-21,-7,-20,-8,-21,-7,-22,-8,-21,-10,-22,-8,-20,-10,-22,-7,-22,-10,-23,-9,0,0,-21,-9,-22,-10,-22,-9,-21,-9,-21,-10,-21,-11,-20,-12,-19,-11,-19,-11,-18,-11,-19,-11,-17,-10,-17,-10,-17,-9,-17,-9,-17,-9,-17,-8,-16,-7,-16,-8,-15,-7,-16,-7,-16,-6,-16,-7,-17,-6,-17,-7,-17,-7,0,0]"
CSI_DATA: 68,3,21,21,19,20,24,0,-39,-34,17606.223,17611.453,15.592,17784.336,17784.336,18.883,"[10,-11,9,-11,8,-11,9,-12,9,-11,8,-10,8,-10,7,-10,7,-9,6,-9,7,-10,6,-10,6,-10,6,-9,5,-9,5,-10,4,-9,4,-8,3,-8,3,-9,3,-9,2,-8,2,-8,1,-9,1,-9,1,-9,0,0,0,-9,0,-8,-1,-9,-1,-8,-1,-8,-2,-8,-2,-8,-3,-8,-3,-8,-4,-7,-6,-8,-6,-8,-7,-8,-8,-9,-8,-10,-8,-11,-9,-11,-9,-12,-8,-13,-8,-14,-7,-15,-7,-15,-6,-16,-6,-16,-4,-17,-3,-17,0,0,-15,7,-14,8,-13,8,-15,9,-14,8,-14,8,-13,8,-12,8,-12,8,-11,8,-12,8,-11,9,-11,9,-10,9,-10,8,-9,9,-8,9,-8,9,-8,10,-8,10,-8,9,-7,10,-7,8,-6,10,-8,10,-7,10,0,0,-7,10,-7,10,-7,10,-6,9,-7,9,-7,9,-7,9,-6,8,-6,8,-6,8,-6,9,-6,8,-7,8,-7,8,-7,8,-8,8,-8,8,-9,8,-9,7,-9,6,-10,6,-11,5,-11,5,-11,5,-13,3,-13,2,0,0]"
CSI_DATA: 69,5,16,16,17,15,24,0,-31,-30,17605.304,17610.535,308.348,18076.366,18076.366,310.913,"[20,12,21,12,20,10,21,13,19,12,19,12,18,12,18,11,17,12,17,11,18,12,18,11,17,11,17,11,16,12,17,10,16,9,15,10,16,9,15,10,15,10,15,9,14,10,15,7,15,10,16,9,0,0,15,8,14,8,15,8,14,7,14,8,14,8,13,8,13,7,13,8,12,7,13,7,11,7,11,7,12,7,11,6,11,6,11,6,11,6,10,6,9,6,9,7,8,6,8,6,8,6,7,6,7,6,0,0,10,9,11,8,12,6,12,8,12,8,12,8,13,7,13,7,14,8,13,7,16,8,16,8,16,8,16,8,16,9,18,8,17,8,16,9,17,9,17,10,17,11,17,10,15,11,18,9,17,12,18,11,0,0,17,11,17,11,18,12,16,11,16,12,16,12,16,12,15,11,15,11,14,11,15,11,13,10,13,10,14,10,13,10,15,9,14,9,15,9,14,9,14,9,14,10,14,9,14,10,15,10,14,11,14,11,0,0]"
CSI_DATA: 70,6,24,24,22,23,24,0,-42,-36,17606.738,17611.969,308.56,18124.208,18124.208,358.755,"[12,-3,11,-4,8,-6,8,-8,6,-7,5,-8,3,-10,2,-9,0,-11,-2,-10,-4,-12,-6,-12,-8,-12,-9,-12,-9,-12,-11,-12,-12,-11,-13,-11,-14,-11,-14,-11,-15,-10,-15,-9,-14,-10,-16,-7,-16,-8,-17,-6,0,0,-15,-6,-13,-6,-14,-5,-13,-6,-12,-6,-11,-7,-10,-6,-9,-7,-9,-8,-7,-10,-7,-11,-5,-12,-3,-13,-1,-15,-1,-16,1,-19,2,-21,3,-23,5,-24,7,-25,9,-28,10,-29,11,-30,10,-33,13,-33,13,-34,0,0,15,-1,15,-2,13,-3,14,-3,12,-3,12,-3,11,-4,10,-4,10,-4,9,-4,9,-5,8,-5,8,-5,7,-4,6,-4,5,-6,4,-5,4,-5,3,-5,2,-5,1,-5,1,-4,0,-4,-1,-4,-1,-4,-3,-4,0,0,-4,-4,-5,-4,-6,-3,-7,-3,-8,-3,-9,-3,-9,-3,-10,-3,-11,-3,-12,-3,-13,-3,-13,-4,-14,-4,-15,-4,-15,-4,-16,-4,-16,-5,-17,-6,-17,-6,-16,-7,-16,-8,-16,-8,-16,-9,-16,-10,-15,-11,-14,-11,0,0]"
CSI_DATA: 71,3,22,22,20,21,25,0,-39,-34,18348.558,18351.443,13.254,18522.464,18522.464,17.12,"[9,7,9,7,10,6,10,7,9,6,9,6,9,6,8,5,8,5,7,4,8,4,8,3,7,3,7,2,7,2,7,1,7,0,6,0,7,-1,6,-1,7,-1,7,-2,6,-2,6,-4,7,-4,6,-4,0,0,6,-5,6,-6,6,-6,5,-6,6,-7,6,-7,6,-8,5,-8,4,-9,5,-10,5,-11,5,-11,5,-12,6,-13,6,-13,7,-14,8,-14,9,-14,9,-14,10,-13,11,-12,11,-12,11,-11,12,-12,11,-10,12,-10,0,0,16,-3,16,-4,15,-5,17,-4,16,-4,16,-4,15,-4,14,-4,14,-4,13,-5,14,-5,13,-6,13,-5,11,-6,12,-5,11,-7,10,-7,10,-6,10,-7,10,-7,10,-7,9,-8,9,-7,8,-8,9,-8,9,-8,0,0,8,-8,8,-9,7,-9,7,-8,7,-8,7,-9,7,-9,6,-8,6,-9,6,-9,7,-10,7,-9,7,-9,7,-9,8,-9,8,-9,8,-9,9,-9,10,-8,10,-7,11,-7,10,-6,11,-6,11,-6,12,-4,13,-3,0,0]"
CSI_DATA: 72,4,11,11,10,10,25,0,-36,-34,18351.261,18354.146,305.478,18814.663,18814.663,309.211,"[6,14,6,14,7,13,6,14,5,13,5,13,4,12,4,12,4,12,5,10,5,12,5,11,5,11,5,10,4,10,5,9,5,9,4,9,5,9,4,9,3,9,4,8,3,8,4,7,4,7,4,7,0,0,4,6,4,5,5,4,5,4,5,4,5,3,6,3,6,3,7,3,7,2,8,2,9,3,9,3,9,3,9,4,10,4,10,4,10,5,10,5,10,6,10,6,10,6,9,6,11,7,10,7,10,8,0,0,-8,2,-8,3,-6,4,-7,4,-6,5,-6,5,-6,5,-5,6,-5,6,-4,7,-4,7,-3,7,-3,8,-2,7,-2,7,-1,8,0,7,1,7,2,7,2,7,3,7,4,7,5,7,6,6,8,7,9,6,0,0,10,6,11,6,12,5,13,5,13,5,15,5,16,4,17,4,18,3,19,2,22,2,22,2,23,2,25,2,26,3,28,3,28,3,30,3,31,4,31,4,33,6,32,7,34,7,35,7,35,11,34,12,0,0]"
CSI_DATA: 73,6,25,25,23,24,25,0,-39,-36,18349.75,18351.961,305.747,18856.25,18856.25,350.573,"[12,-4,12,-5,11,-7,12,-7,10,-8,10,-8,10,-8,9,-9,9,-9,8,-10,9,-11,9,-11,8,-12,8,-12,8,-11,8,-13,7,-12,7,-11,6,-12,7,-11,7,-11,6,-11,6,-10,5,-10,6,-10,5,-10,0,0,5,-8,4,-7,3,-7,3,-6,3,-5,3,-4,2,-3,1,-2,1,-1,0,1,-1,1,-1,3,-2,3,-3,5,-4,5,-5,7,-6,8,-8,8,-9,9,-10,9,-12,9,-13,9,-15,9,-16,10,-17,8,-18,8,0,0,15,-25,14,-25,12,-25,14,-26,12,-24,13,-23,12,-23,10,-21,11,-21,8,-21,9,-22,8,-22,7,-21,6,-19,7,-18,6,-18,5,-17,5,-15,2,-15,3,-14,3,-13,1,-13,1,-11,-1,-10,-1,-10,-2,-9,0,0,-3,-6,-4,-5,-5,-3,-5,-2,-6,-1,-7,1,-8,2,-9,3,-9,4,-10,5,-12,7,-13,8,-14,9,-16,10,-17,10,-19,12,-20,12,-21,14,-23,13,-24,12,-27,13,-27,11,-29,12,-30,13,-33,10,-33,9,0,0]"
CSI_DATA: 74,5,17,17,17,16,25,0,-31,-35,17605.304,18350.525,306.68,18919.988,18919.988,414.536,"[20,12,21,12,20,10,21,13,19,12,19,12,18,12,18,11,17,12,17,11,18,12,18,11,17,11,17,11,16,12,17,10,16,9,15,10,16,9,15,10,15,10,15,9,14,10,15,7,15,10,16,9,0,0,15,8,14,8,15,8,14,7,14,8,14,8,13,8,13,7,13,8,12,7,13,7,11,7,11,7,12,7,11,6,11,6,11,6,11,6,10,6,9,6,9,7,8,6,8,6,8,6,7,6,7,6,0,0,-9,9,-8,9,-7,10,-8,10,-7,9,-7,11,-6,11,-6,11,-7,12,-6,12,-7,13,-6,14,-7,14,-7,14,-8,13,-7,15,-7,14,-8,13,-8,15,-9,14,-10,14,-9,14,-10,13,-9,14,-11,15,-11,15,0,0,-11,13,-12,13,-12,14,-11,13,-12,12,-12,11,-12,11,-11,10,-11,9,-9,9,-10,9,-9,8,-8,8,-8,8,-7,8,-7,9,-6,9,-6,10,-6,11,-5,10,-6,11,-6,11,-6,12,-6,13,-8,12,-8,13,0,0]"
CSI_DATA: 75,3,23,23,21,22,26,0,-39,-36,19089.539,19091.446,15.579,19263.78,19263.78,17.624,"[-13,1,-13,1,-12,2,-12,2,-12,2,-11,2,-11,2,-10,2,-10,2,-9,3,-10,3,-9,3,-8,3,-8,3,-8,3,-7,4,-6,4,-6,4,-5,4,-5,4,-4,4,-4,5,-4,5,-3,5,-3,6,-2,6,0,0,-1,6,-1,6,0,6,0,6,0,6,1,6,2,6,2,7,3,7,4,7,5,8,5,8,5,8,6,9,7,10,7,11,7,12,6,13,6,13,5,14,5,15,4,14,3,15,3,15,2,15,1,15,0,0,15,0,15,-1,15,-2,16,-1,15,-1,14,-1,13,-1,12,-1,12,-1,11,-2,12,-2,11,-3,11,-3,10,-3,10,-3,10,-4,9,-4,9,-4,8,-5,8,-4,9,-5,8,-5,7,-4,7,-6,8,-5,7,-6,0,0,6,-5,7,-6,7,-6,6,-6,6,-5,6,-6,6,-6,6,-5,6,-6,6,-6,6,-7,6,-6,6,-6,7,-6,7,-6,8,-6,8,-5,8,-5,9,-4,9,-3,9,-3,10,-2,10,-2,10,-2,11,0,11,1,0,0]"
CSI_DATA: 76,6,26,26,24,25,26,0,-36,-33,19090.58,19091.966,308.41,19554.863,19554.863,309.409,"[6,-6,6,-7,5,-8,6,-9,6,-9,6,-9,6,-10,5,-10,6,-11,6,-11,7,-13,6,-13,7,-13,7,-13,8,-13,8,-14,7,-13,8,-13,7,-14,8,-13,9,-12,8,-12,8,-11,7,-13,8,-12,7,-12,0,0,6,-11,6,-11,5,-11,4,-11,4,-11,4,-10,3,-10,2,-10,2,-10,0,-10,-1,-11,-2,-10,-2,-11,-4,-11,-4,-12,-6,-12,-6,-13,-7,-14,-7,-16,-7,-16,-7,-18,-6,-19,-6,-21,-7,-22,-3,-23,-3,-24,0,0,-1,-12,-1,-12,-2,-11,-2,-12,-2,-10,-2,-10,-3,-9,-3,-8,-3,-8,-4,-7,-4,-7,-4,-7,-5,-6,-5,-5,-5,-5,-5,-4,-6,-3,-6,-3,-6,-2,-7,-2,-7,-2,-7,0,-7,-1,-8,1,-8,1,-9,2,0,0,-9,3,-10,3,-11,4,-9,4,-11,4,-11,5,-11,5,-11,6,-12,6,-12,6,-13,7,-13,6,-14,7,-15,7,-15,6,-16,7,-16,7,-16,7,-16,6,-16,5,-17,4,-17,3,-17,3,-17,3,-18,0,-17,0,0,0]"
CSI_DATA: 77,3,24,24,22,23,27,0,-39,-35,19826.05,19831.392,15.541,20002.358,20002.358,16.906,"[3,-16,3,-16,1,-15,2,-17,2,-15,2,-15,2,-15,2,-14,1,-14,1,-13,1,-14,1,-14,1,-13,0,-12,1,-12,0,-12,-1,-10,-1,-10,-2,-10,-2,-9,-2,-9,-3,-9,-2,-8,-4,-8,-4,-8,-5,-7,0,0,-5,-6,-6,-6,-7,-6,-7,-5,-6,-5,-7,-4,-8,-4,-8,-3,-9,-2,-9,-2,-11,-1,-11,-2,-12,-1,-13,-1,-14,-2,-16,-1,-16,-2,-17,-3,-17,-3,-17,-4,-17,-6,-17,-6,-17,-7,-17,-8,-16,-9,-15,-10,0,0,-3,-17,-3,-17,-4,-16,-4,-17,-4,-16,-3,-16,-4,-16,-3,-14,-4,-14,-5,-13,-5,-14,-5,-13,-6,-12,-6,-11,-5,-11,-7,-11,-7,-10,-7,-10,-7,-9,-7,-9,-7,-10,-8,-9,-8,-9,-9,-8,-9,-9,-9,-8,0,0,-9,-7,-9,-7,-10,-7,-9,-7,-9,-7,-9,-7,-9,-7,-9,-7,-9,-7,-9,-7,-11,-7,-9,-7,-10,-8,-9,-8,-10,-9,-10,-9,-10,-10,-9,-10,-8,-10,-7,-11,-7,-12,-6,-12,-5,-12,-5,-12,-3,-13,-2,-13,0,0]"
CSI_DATA: 78,6,27,27,25,26,27,0,-41,-31,19826.527,19831.914,307.960,20294.982,20294.982,309.530,"[-5,-6,-6,-5,-6,-4,-7,-4,-7,-3,-7,-2,-8,0,-8,0,-8,1,-8,1,-9,2,-9,3,-8,3,-8,4,-9,4,-7,5,-6,4,-6,4,-6,4,-6,4,-5,3,-4,3,-3,1,-3,1,-3,1,-1,-1,0,0,0,-2,0,-3,0,-5,1,-6,1,-7,1,-7,2,-9,2,-10,1,-13,2,-14,3,-17,3,-16,2,-17,3,-19,3,-21,2,-23,3,-22,3,-24,3,-25,3,-25,4,-26,5,-26,6,-27,7,-27,8,-27,8,-27,0,0,-4,12,-3,11,-2,11,-2,12,-2,10,-2,10,-2,10,-1,9,-1,9,0,8,1,9,1,8,1,8,2,7,2,7,3,6,3,5,4,5,4,5,4,5,5,4,5,4,5,3,6,2,6,3,8,2,0,0,8,1,9,1,10,0,10,0,10,0,11,0,11,0,12,0,12,-1,13,-1,15,-1,14,0,15,0,16,0,16,1,17,1,17,1,17,2,17,2,17,4,17,4,16,5,16,5,17,5,16,7,15,7,0,0]"
CSI_DATA: 79,3,25,25,23,24,28,0,-38,-34,20565.958,20571.434,15.595,20742.504,20742.504,17.52,"[-8,10,-7,11,-6,10,-7,11,-6,10,-6,10,-5,10,-5,10,-5,10,-3,9,-3,10,-3,10,-2,10,-2,9,-3,10,-1,9,-1,9,0,8,0,8,0,8,0,8,2,8,1,7,3,7,3,7,4,7,0,0,5,6,5,6,6,6,6,5,7,6,8,6,8,6,9,5,10,5,10,5,12,5,11,5,12,6,13,6,13,6,15,8,15,7,15,9,14,10,14,10,14,12,13,12,13,12,13,12,11,14,10,14,0,0,-15,6,-14,6,-13,7,-15,6,-14,6,-13,6,-12,6,-11,6,-11,6,-10,6,-10,6,-9,7,-9,7,-8,7,-8,7,-7,8,-6,8,-6,8,-6,8,-6,9,-6,9,-5,9,-6,8,-4,9,-5,10,-4,10,0,0,-4,9,-4,10,-4,10,-3,10,-3,10,-3,10,-3,10,-3,10,-3,10,-3,10,-3,11,-4,10,-4,10,-4,11,-5,10,-5,11,-5,11,-6,11,-7,10,-7,10,-8,10,-8,9,-9,8,-10,8,-11,6,-11,5,0,0]"
CSI_DATA: 80,4,12,12,11,11,28,0,-36,-32,20568.667,20574.143,307.817,21034.682,21034.682,309.230,"[-10,12,-10,12,-9,12,-11,12,-10,11,-10,11,-9,10,-9,10,-9,9,-8,9,-8,10,-7,10,-7,9,-7,9,-7,8,-6,8,-6,8,-5,7,-5,8,-5,7,-5,7,-4,7,-4,6,-3,7,-4,7,-3,7,0,0,-2,7,-1,6,-1,7,0,6,0,7,0,7,1,7,2,8,2,8,2,8,3,9,2,9,2,10,2,11,2,11,2,12,2,11,1,12,1,12,0,12,0,12,-1,12,-1,12,0,12,-1,13,-2,13,0,0,-7,2,-7,3,-6,4,-7,5,-7,5,-8,6,-8,6,-8,6,-8,7,-8,7,-9,8,-8,8,-8,9,-8,8,-8,8,-7,10,-7,9,-7,9,-6,10,-7,10,-7,11,-6,11,-6,11,-5,12,-5,13,-5,14,0,0,-4,14,-4,15,-3,15,-3,16,-3,16,-3,17,-3,17,-3,17,-2,18,-1,18,-1,20,-1,19,-1,19,-1,21,-1,22,-1,23,-1,24,-1,24,-2,25,-3,25,-4,26,-4,25,-5,27,-5,27,-8,27,-8,27,0,0]"
CSI_DATA: 81,6,28,28,26,27,28,0,-42,-29,20566.482,20571.958,307.986,21082.989,21082.989,357.537,"[4,6,5,5,7,4,7,3,8,2,8,2,9,0,9,-1,9,-2,10,-2,11,-4,10,-4,11,-5,11,-5,11,-5,11,-6,10,-6,9,-5,9,-5,9,-5,8,-5,8,-4,7,-4,6,-4,7,-2,6,-2,0,0,5,-1,5,0,4,1,4,3,4,4,5,5,4,7,5,7,4,10,5,11,6,13,5,14,5,16,6,19,4,20,6,23,6,23,6,25,6,27,5,26,6,29,5,30,7,32,8,34,6,35,8,36,0,0,-15,-5,-14,-4,-14,-3,-14,-4,-14,-3,-13,-2,-13,-1,-13,-1,-13,0,-12,0,-13,0,-12,1,-12,1,-12,1,-12,1,-12,3,-10,3,-10,4,-10,4,-10,4,-10,5,-9,5,-9,5,-8,7,-9,7,-8,9,0,0,-8,9,-8,10,-7,10,-7,11,-7,12,-8,13,-8,13,-7,13,-7,14,-7,15,-8,16,-8,16,-9,16,-9,17,-10,17,-10,18,-11,18,-11,18,-12,19,-13,18,-14,17,-14,16,-16,16,-16,16,-18,14,-18,14,0,0]"
CSI_DATA: 82,5,18,18,18,17,28,0,-31,-31,20565.42,20570.518,308.414,21143.567,21143.567,418.115,"[24,10,24,10,24,9,26,11,23,11,23,11,22,11,22,10,21,11,21,9,22,10,22,9,21,10,21,9,20,10,21,9,19,8,18,8,19,7,18,8,18,9,18,7,17,7,18,5,19,6,19,5,0,0,17,4,17,5,18,4,17,4,17,4,17,5,17,5,16,4,16,4,15,4,16,3,14,4,14,4,14,4,13,4,13,4,13,4,12,4,11,4,10,4,10,4,9,4,8,4,8,3,7,3,7,2,0,0,9,9,10,8,11,7,12,9,11,8,11,9,12,8,12,8,12,9,13,8,14,10,14,9,15,9,14,9,14,10,16,9,14,9,14,10,15,9,15,10,15,11,15,10,14,11,15,9,15,11,16,11,0,0,15,10,16,11,16,10,15,10,15,11,15,11,14,10,14,10,14,10,14,10,14,10,13,10,13,9,13,9,13,9,14,9,14,9,14,9,13,9,13,9,13,9,13,9,13,9,13,9,13,11,13,11,0,0]"
CSI_DATA: 83,3,26,26,25,25,30,0,-39,-35,22045.938,22051.440,15.508,22222.499,22222.499,17.37,"[12,4,12,4,12,2,13,3,12,3,12,3,12,2,11,2,11,2,11,1,12,1,12,1,12,1,12,1,12,1,12,0,11,-1,11,0,11,-1,11,-1,11,0,11,-1,10,-1,10,-2,11,-1,11,-2,0,0,9,-3,9,-3,9,-3,9,-4,8,-4,8,-4,7,-5,7,-6,7,-7,7,-8,7,-9,7,-9,7,-10,8,-11,8,-11,9,-12,10,-13,11,-13,11,-12,12,-11,13,-11,14,-11,15,-10,15,-10,16,-8,16,-8,0,0,-17,4,-16,5,-16,6,-17,5,-16,5,-15,5,-15,5,-14,5,-14,5,-13,4,-13,5,-13,5,-12,5,-11,5,-11,5,-11,6,-9,6,-9,6,-9,6,-9,6,-9,6,-9,7,-9,6,-7,7,-9,7,-8,8,0,0,-7,7,-7,8,-7,7,-7,8,-7,7,-7,8,-7,8,-6,8,-6,8,-6,8,-7,8,-7,8,-7,8,-8,8,-8,8,-8,8,-9,8,-9,7,-10,6,-10,6,-11,5,-11,4,-11,4,-11,3,-12,1,-12,0,0,0]"
CSI_DATA: 84,4,13,13,13,12,30,0,-35,-32,22048.651,22054.153,307.737,22514.758,22514.758,309.296,"[3,-15,3,-14,2,-14,3,-14,2,-13,2,-13,2,-13,2,-12,1,-12,1,-11,1,-12,1,-12,0,-11,0,-11,0,-11,-1,-11,-1,-11,-1,-11,-1,-10,-1,-10,-1,-10,-2,-10,-1,-10,-2,-9,-2,-10,-2,-9,0,0,-3,-8,-3,-8,-4,-8,-4,-8,-4,-8,-5,-8,-5,-8,-6,-8,-6,-9,-6,-9,-8,-10,-7,-10,-7,-11,-7,-11,-7,-12,-7,-12,-7,-13,-6,-13,-6,-13,-5,-13,-4,-14,-5,-13,-4,-14,-4,-14,-3,-14,-3,-14,0,0,-3,4,-2,5,-1,5,-1,6,-1,6,0,6,0,6,0,6,0,6,1,6,2,8,2,7,3,7,3,7,3,7,4,7,4,6,5,6,6,6,6,7,6,7,7,7,7,6,9,6,9,7,10,6,0,0,11,5,12,6,13,6,13,5,13,6,14,6,15,6,15,5,16,5,16,5,18,5,17,5,18,5,20,5,20,5,22,6,22,5,23,6,23,7,23,7,23,9,23,10,23,11,24,10,23,13,23,14,0,0]"
CSI_DATA: 85,6,29,29,28,28,30,0,-41,-30,22046.466,22051.968,307.986,22564.571,22564.571,359.109,"[-1,-9,-1,-7,-4,-6,-4,-6,-5,-4,-5,-2,-7,-1,-6,1,-7,2,-7,4,-8,5,-8,7,-8,8,-8,9,-8,9,-8,11,-8,11,-7,11,-5,11,-7,10,-6,11,-5,11,-5,10,-3,9,-4,9,-3,9,0,0,-3,6,-3,6,-2,5,-2,2,-3,0,-3,-1,-5,-3,-4,-5,-5,-8,-6,-10,-7,-13,-7,-14,-9,-17,-10,-20,-9,-21,-12,-24,-12,-26,-13,-29,-13,-31,-13,-33,-15,-37,-14,-37,-15,-39,-17,-42,-15,-44,-15,-44,0,0,-11,10,-10,10,-8,10,-8,10,-7,9,-7,9,-6,9,-5,8,-5,8,-4,8,-4,8,-2,8,-1,8,-1,7,-1,7,1,8,1,6,2,6,3,6,3,6,4,6,5,6,5,5,7,4,7,5,8,4,0,0,9,4,11,4,11,4,11,3,13,3,13,4,14,4,15,4,15,4,16,4,18,4,17,5,17,5,18,5,19,6,19,6,20,6,19,7,19,8,19,8,19,10,18,10,18,11,18,11,17,13,16,13,0,0]"
CSI_DATA: 86,5,19,19,18,18,30,0,-31,-31,20565.42,22050.526,1048.386,22625.576,22625.576,420.114,"[24,10,24,10,24,9,26,11,23,11,23,11,22,11,22,10,21,11,21,9,22,10,22,9,21,10,21,9,20,10,21,9,19,8,18,8,19,7,18,8,18,9,18,7,17,7,18,5,19,6,19,5,0,0,17,4,17,5,18,4,17,4,17,4,17,5,17,5,16,4,16,4,15,4,16,3,14,4,14,4,14,4,13,4,13,4,13,4,12,4,11,4,10,4,10,4,9,4,8,4,8,3,7,3,7,2,0,0,-14,1,-14,2,-14,3,-16,3,-15,3,-15,3,-15,4,-15,4,-16,4,-15,5,-18,5,-17,6,-18,6,-17,6,-18,5,-18,6,-18,6,-18,5,-18,6,-19,5,-20,5,-19,6,-19,4,-19,6,-21,5,-21,6,0,0,-20,5,-21,5,-21,5,-20,4,-20,3,-21,4,-20,3,-19,3,-20,3,-18,2,-19,3,-18,2,-18,2,-18,2,-16,2,-17,3,-16,3,-16,3,-16,3,-15,3,-16,3,-15,2,-15,3,-16,3,-16,2,-16,2,0,0]"
CSI_DATA: 87,3,27,27,26,26,31,0,-37,-34,22785.927,22791.396,15.552,22962.480,22962.480,17.26,"[-8,9,-7,9,-6,10,-7,10,-6,9,-6,9,-5,9,-5,9,-5,9,-4,9,-4,10,-3,10,-3,10,-3,9,-3,9,-2,10,-1,9,-2,9,-1,9,-1,9,-1,10,0,10,-1,9,1,10,0,10,1,10,0,0,2,10,2,9,2,9,3,9,3,9,3,10,3,10,3,10,4,10,5,10,6,10,5,10,6,11,6,11,6,12,7,13,7,13,6,13,5,14,4,15,3,15,3,15,2,15,2,15,0,15,-1,15,0,0,-16,1,-16,1,-16,2,-18,2,-16,2,-16,2,-15,3,-14,3,-14,3,-13,4,-14,4,-13,5,-13,5,-12,5,-12,5,-12,6,-11,6,-10,6,-10,7,-10,7,-10,7,-10,7,-10,6,-8,8,-10,8,-9,8,0,0,-8,8,-8,8,-8,9,-7,8,-7,8,-7,9,-7,8,-7,9,-7,9,-6,9,-7,10,-7,9,-7,9,-8,10,-8,9,-9,10,-9,9,-10,9,-11,8,-11,7,-12,7,-13,6,-13,5,-14,5,-15,2,-15,2,0,0]"
CSI_DATA: 88,6,30,30,29,29,31,0,-42,-28,22786.457,22791.926,308.57,23255.02,23255.02,309.548,"[8,-4,7,-5,7,-6,7,-7,8,-7,7,-8,8,-8,7,-9,8,-10,8,-11,9,-12,8,-12,9,-13,9,-13,9,-13,9,-15,8,-13,9,-13,8,-13,9,-13,9,-12,8,-13,9,-12,7,-12,9,-12,7,-12,0,0,6,-10,6,-10,6,-10,5,-8,5,-7,3,-6,3,-5,2,-5,1,-4,-1,-2,-1,-1,-3,0,-4,1,-6,3,-8,3,-10,4,-11,6,-13,6,-15,7,-16,7,-19,7,-19,7,-22,8,-23,9,-25,7,-26,8,0,0,2,13,3,13,4,12,4,12,4,11,4,11,4,10,5,10,5,10,6,9,7,9,7,9,7,9,7,8,7,8,8,7,9,6,8,6,9,6,9,6,10,6,10,5,10,4,11,3,12,4,13,2,0,0,14,1,14,2,15,1,14,0,16,1,16,1,17,1,17,0,18,1,18,1,20,0,19,1,19,2,20,2,20,3,21,3,20,4,21,5,20,5,19,6,19,7,18,7,18,8,18,8,17,10,16,10,0,0]"
CSI_DATA: 89,5,20,20,19,19,31,0,-32,-30,22785.14,22790.483,308.394,23301.281,23301.281,355.827,"[8,-21,8,-21,6,-22,9,-22,9,-21,9,-20,9,-20,8,-18,9,-18,8,-18,9,-19,8,-18,8,-18,7,-17,8,-16,7,-17,6,-16,6,-15,5,-16,6,-15,6,-15,5,-15,6,-14,3,-15,5,-16,4,-16,0,0,3,-15,3,-15,3,-15,2,-14,3,-14,3,-15,3,-14,3,-13,3,-14,3,-13,2,-14,3,-12,3,-12,3,-12,2,-12,2,-12,2,-12,2,-11,2,-11,2,-10,3,-9,2,-9,2,-8,2,-8,2,-8,2,-7,0,0,9,-10,9,-11,8,-11,10,-12,9,-11,9,-12,9,-12,9,-12,9,-12,8,-13,9,-14,9,-15,9,-15,9,-14,10,-14,9,-16,9,-15,9,-14,9,-15,10,-15,11,-15,10,-15,10,-14,9,-16,11,-16,10,-17,0,0,10,-16,11,-16,11,-17,10,-16,11,-16,11,-16,11,-15,11,-14,11,-14,10,-14,11,-15,10,-13,10,-13,10,-13,10,-12,10,-14,9,-13,9,-13,9,-12,9,-12,9,-12,9,-12,9,-12,9,-12,10,-12,10,-12,0,0]"
CSI_DATA: 90,3,28,28,27,27,32,0,-38,-34,23525.958,23531.408,15.603,23702.493,23702.493,17.40,"[8,-7,7,-7,7,-7,8,-7,7,-7,6,-7,6,-7,5,-7,6,-7,5,-8,6,-8,5,-9,4,-8,4,-9,4,-8,4,-10,3,-9,3,-9,3,-9,3,-9,3,-9,3,-9,4,-9,2,-10,3,-10,2,-10,0,0,2,-10,2,-9,1,-10,1,-9,1,-9,0,-9,0,-9,0,-10,-1,-10,-2,-10,-2,-11,-2,-11,-2,-12,-3,-12,-3,-13,-3,-14,-2,-14,-2,-14,-1,-15,-1,-15,1,-16,1,-15,2,-15,2,-15,4,-15,4,-14,0,0,13,7,13,6,14,4,15,5,13,5,13,5,13,4,12,4,12,4,12,2,13,2,13,1,13,0,12,0,12,1,12,-1,11,-2,11,-1,12,-2,12,-2,12,-2,12,-3,12,-2,11,-5,12,-4,12,-5,0,0,12,-5,12,-5,12,-6,11,-6,12,-5,12,-6,12,-6,12,-5,12,-6,12,-6,13,-7,12,-6,12,-5,13,-6,14,-5,15,-5,14,-4,15,-3,15,-2,15,-1,15,-1,14,0,15,1,15,1,15,3,15,4,0,0]"
CSI_DATA: 91,6,31,31,30,30,32,0,-40,-31,23526.490,23531.940,308.114,23995.06,23995.06,309.553,"[6,-8,4,-7,3,-9,2,-10,1,-10,0,-10,-2,-11,-3,-11,-4,-11,-5,-11,-6,-13,-7,-12,-8,-13,-9,-12,-9,-13,-10,-12,-10,-12,-9,-11,-11,-11,-10,-11,-10,-11,-10,-9,-8,-9,-10,-8,-9,-8,-8,-6,0,0,-7,-5,-7,-4,-7,-3,-5,-2,-4,-1,-3,0,-2,1,-1,2,1,2,3,4,4,5,5,8,5,8,7,10,8,11,10,14,11,16,12,16,12,19,11,19,12,22,11,24,11,26,12,28,8,29,7,29,0,0,13,5,13,4,13,2,13,3,12,2,12,2,11,1,10,1,10,0,9,-1,10,-2,10,-3,9,-3,9,-3,9,-3,9,-5,8,-6,7,-6,7,-6,7,-6,7,-6,6,-7,6,-7,4,-9,5,-9,4,-10,0,0,3,-11,3,-11,2,-13,2,-13,2,-14,2,-14,2,-15,2,-16,2,-17,1,-18,1,-19,2,-19,2,-19,3,-20,4,-20,4,-22,4,-21,5,-22,7,-21,7,-20,9,-20,9,-19,10,-19,9,-20,12,-19,12,-18,0,0]"
CSI_DATA: 92,5,21,21,20,20,32,0,-29,-31,23525.45,23530.495,308.397,24046.698,24046.698,361.245,"[24,-3,24,-3,23,-5,26,-3,24,-2,24,-2,24,-2,22,-2,23,-1,22,-2,24,-1,23,-2,23,-1,22,-1,22,0,23,-2,20,-2,20,-1,20,-2,20,-1,20,0,19,-1,18,0,18,-2,19,-1,18,-2,0,0,17,-2,17,-2,17,-2,16,-3,16,-2,16,-2,15,-2,14,-2,14,-2,13,-2,14,-3,13,-2,12,-2,12,-2,11,-3,11,-3,11,-3,11,-3,10,-3,10,-3,10,-2,9,-2,9,-2,9,-2,9,-2,8,-2,0,0,14,7,15,7,16,5,17,7,16,7,16,8,16,7,16,7,16,8,16,7,19,8,19,7,19,8,18,8,17,9,20,8,18,8,18,9,19,8,18,10,18,11,18,10,17,12,19,9,19,11,19,11,0,0,17,11,17,11,18,11,17,11,16,12,15,12,15,12,13,12,14,11,13,10,14,10,12,10,12,9,12,9,12,8,13,8,12,7,12,7,12,7,12,7,12,7,12,6,13,6,14,5,13,7,13,7,0,0]"
CSI_DATA: 93,4,14,14,14,13,32,0,-33,-32,23528.674,23534.124,307.842,24107.363,24107.363,421.910,"[6,18,7,17,8,16,6,18,6,17,5,17,5,16,5,15,4,16,5,14,5,16,5,15,5,14,4,14,4,14,5,13,4,12,4,13,5,12,4,12,4,12,4,12,3,11,5,10,4,11,5,11,0,0,5,10,5,10,5,10,6,9,5,9,6,9,6,9,6,8,6,9,6,8,7,9,7,9,7,9,7,9,7,10,7,10,7,10,7,10,7,11,6,11,5,11,5,11,5,11,6,11,5,11,4,11,0,0,1,7,2,7,3,6,4,7,4,7,5,7,5,7,5,7,5,7,6,7,7,7,7,7,8,6,7,6,7,6,9,5,9,4,9,4,9,3,9,3,10,3,11,2,11,2,12,-1,13,0,14,-2,0,0,15,-2,16,-2,17,-3,17,-4,18,-3,18,-3,19,-4,19,-4,20,-5,20,-6,22,-7,22,-7,22,-7,23,-7,23,-7,26,-8,25,-8,26,-8,27,-6,27,-6,29,-5,28,-4,30,-4,31,-5,31,-2,31,-1,0,0]"
CSI_DATA: 94,3,29,29,29,28,34,0,-41,-35,25005.891,25011.439,15.542,25182.528,25182.528,17.68,"[3,-1,2,-2,2,-3,2,-4,2,-4,2,-5,2,-5,1,-6,1,-6,1,-6,1,-8,0,-8,0,-9,0,-8,0,-9,-1,-10,-1,-9,-1,-9,-2,-10,-2,-10,-2,-10,-3,-10,-2,-10,-4,-10,-4,-11,-5,-11,0,0,-6,-10,-6,-11,-7,-11,-7,-9,-8,-10,-8,-10,-9,-10,-9,-10,-11,-10,-11,-10,-13,-11,-12,-11,-12,-11,-14,-12,-13,-12,-14,-13,-14,-13,-14,-14,-13,-14,-12,-14,-12,-16,-10,-16,-10,-16,-10,-16,-8,-16,-8,-16,0,0,6,-15,5,-15,4,-15,5,-16,5,-15,5,-15,4,-14,4,-14,3,-13,3,-12,3,-14,2,-13,1,-12,1,-12,1,-11,-1,-12,-1,-11,-1,-10,-2,-10,-2,-11,-2,-11,-3,-10,-3,-10,-4,-10,-4,-11,-5,-10,0,0,-5,-10,-5,-10,-6,-10,-5,-9,-5,-10,-5,-10,-6,-10,-5,-10,-6,-10,-6,-10,-6,-11,-5,-11,-5,-11,-5,-11,-4,-12,-4,-12,-4,-12,-3,-12,-2,-12,-1,-12,0,-13,1,-13,1,-12,2,-12,4,-11,5,-11,0,0]"
